country,year,ISO2,ISO3,region,subregionid,cap.lat,cap.long,NGDP_RPCH,NGDPD,PCPI,PCPIPCH,GGX_NGDP,GGXWDG_NGDP,BCA,HDI,GNI,Resource.Depletion,Adult.literacy,Primary.ed.enrollment,Mean.Schooling,Total.pop,Pop.MultiDim.Povert,Deprivation.Intensity,Pop.Below.National.Poverty,PPP.125.day,International.Dev.Aid,Corruption.Perception.Index,Reg.Market,Unreg.Market,Reg.Market.Bordering,Unreg.Market.Bordering,Voice.Accountability,Political.Stability,Government.Effectiveness,Rule.Law,Corruption.Control,Reg.Quality,Armed.Conflict,Non.State.Conflict,Non.State.Conflict.Deaths,PIKE.regional,Definite.Possible,Elephant.range,Tot.Carcasses,Illegal.Carcasses,Percent.Illegal
Cameroon,2003,CM,CMR,Central Africa,FC,3.5,11.35,4.031,13.63,180.917,0.63,15.399,60.268,-0.242,0.437,2250.6,,0.707,0.923,,17218.591,10187,0.541,0.399,0.276,866.02412,1.8,0,0,0,3,-1.12,-0.47,-0.65,-1.09,-0.86,-0.83,0,0,0,0.609789288,,,22,14,0.6364
Cameroon,2004,CM,CMR,Central Africa,FC,3.5,11.35,3.702,15.784,181.369,0.25,15.973,61.622,-0.534,0.437,2250.6,,0.707,0.923,,17667.576,10187,0.541,0.399,0.276,704.13009,2.1,0,0,0,3,-0.99,-0.4,-0.7,-1.2,-1.07,-0.68,0,0,0,0.640976949,,,9,6,0.6667
Cameroon,2005,CM,CMR,Central Africa,FC,3.5,11.35,2.297,16.617,184.983,1.993,14.61,51.546,-0.565,0.456,2459.3,0.082,0.707,0.923,5.1,18126.999,10187,0.541,0.399,0.276,491.19595,2.2,0,0,0,3,-1.02,-0.18,-0.88,-1.18,-1.16,-0.86,0,0,0,0.462089235,,,5,4,0.8
Cameroon,2006,CM,CMR,Central Africa,FC,3.5,11.35,3.222,17.97,194.058,4.906,14.551,15.863,0.28,0.456,2459.3,,0.707,0.923,,18597.109,10187,0.541,0.399,0.276,1852.41349,2.3,0,0,0,3,-1.03,-0.26,-0.93,-1.13,-1.03,-0.83,0,0,0,0.504930475,,,15,1,0.0667
Cameroon,2007,CM,CMR,Central Africa,FC,3.5,11.35,3.257,20.461,196.242,1.125,15.607,11.956,0.282,0.456,2459.3,,0.707,0.923,,19078.1,10187,0.541,0.399,0.276,1849.45093,2.4,0,0,0,3,-1.06,-0.34,-0.83,-1.17,-0.95,-0.83,0,0,0,0.741729547,905,118571,2,0,0
Cameroon,2008,CM,CMR,Central Africa,FC,3.5,11.35,2.885,23.432,206.717,5.338,18.968,9.715,-0.28,0.456,2459.3,,0.707,0.923,,19570.418,10187,0.541,0.399,0.276,912.36215,2.3,0,0,0,3,-1.08,-0.55,-0.79,-1.09,-0.94,-0.81,0,0,0,0.739479978,,,3,0,0
Cameroon,2009,CM,CMR,Central Africa,FC,3.5,11.35,1.932,23.442,213,3.04,17.493,10.092,-0.715,0.456,2459.3,,0.707,0.923,,20074.522,10187,0.541,0.399,0.276,411.29056,2.2,0,0,0,3,-1.06,-0.48,-0.82,-1.12,-0.92,-0.74,0,0,0,0.620588292,,,15,6,0.4
Cameroon,2010,CM,CMR,Central Africa,FC,3.5,11.35,3.269,23.667,215.725,1.279,17.667,11.527,-0.653,0.486,2542,0.065,0.707,0.923,5.2,20590.666,10187,0.541,0.399,0.276,384.34555,2.2,0,0,0,3,-1.08,-0.73,-0.88,-1.05,-0.98,-0.73,0,0,0,0.708299486,,,6,3,0.5
Cameroon,2011,CM,CMR,Central Africa,FC,3.5,11.35,4.14,26.612,222.067,2.94,20.534,13.245,-0.724,0.496,2580.1,0.069,0.707,0.923,5.5,21119.065,10187,0.541,0.399,0.276,381.11432,2.5,0,0,0,3,-1.05,-0.66,-0.88,-1.06,-1.08,-0.79,0,0,0,0.895815266,,,6,5,0.8333
Cameroon,2012,CM,CMR,Central Africa,FC,3.5,11.35,4.598,26.487,227.357,2.382,19.54,15.429,-0.957,0.501,2616.2,0.055,0.707,0.923,5.7,21659.488,10187,0.541,0.399,0.276,321.19758,2.4,0,0,0,3,-1.03,-0.58,-0.9,-1.04,-1.27,-0.93,0,0,0,0.802429977,,,13,7,0.5385
Cameroon,2013,CM,CMR,Central Africa,FC,3.5,11.35,5.582,29.576,232.018,2.05,21.906,18.625,-1.119,0.507,2681.7,0.051,0.707,0.923,5.9,22211.166,10187,0.541,0.399,0.276,374.45556,2.3,0,0,0,3,-1.04,-0.53,-0.91,-1.05,-1.19,-0.95,0,0,0,0.718467183,6464,120510,4,4,1
Cameroon,2014,CM,CMR,Central Africa,FC,3.5,11.35,5.136,31.669,236.317,1.853,22.689,23.932,-1.333,0.512,2803.4,,0.707,0.923,,22773.014,10187,0.541,0.399,0.276,504.13546,2.5,0,0,0,3,-1,-0.94,-0.74,-0.87,-1.15,-0.94,0,0,0,0.763994876,,,3,2,0.6667
Central Africa Republic,2003,CF,CAF,Central Africa,FC,4.23,18.35,-6.834,1.11,110.853,4.353,13.145,102.657,-0.025,0.31,836.3,,0.56,0.686,,3923.294,3320,0.556,0.62,0.628,35.38958,2.2,0,0,0,4,-1.3,-1.59,-1.57,-1.57,-1.23,-1.14,0,0,0,0.609789288,,,13,4,0.3077
Central Africa Republic,2004,CF,CAF,Central Africa,FC,4.23,18.35,2.632,1.257,108.366,-2.244,13.607,103.927,-0.022,0.31,836.3,,0.56,0.686,,3987.896,3320,0.556,0.62,0.628,55.1893,2.2,0,0,0,4,-1.3,-1.41,-1.56,-1.63,-1.33,-1.19,0,0,0,0.640976949,,,9,8,0.8889
Central Africa Republic,2005,CF,CAF,Central Africa,FC,4.23,18.35,2.468,1.337,111.493,2.885,17.068,108.771,-0.088,0.325,847.1,0,0.56,0.686,3.3,4055.608,3320,0.556,0.62,0.628,64.01148,2.2,0,0,0,4,-0.95,-1.42,-1.6,-1.48,-1.21,-1.33,0,0,0,0.462089235,,,9,8,0.8889
Central Africa Republic,2006,CF,CAF,Central Africa,FC,4.23,18.35,4.771,1.461,118.956,6.694,14.074,94.744,-0.044,0.325,847.1,,0.56,0.686,,4127.112,3320,0.556,0.62,0.628,69.35299,2.4,0,0,0,4,-1.01,-1.84,-1.41,-1.49,-1,-1.19,1,0,0,0.504930475,,,2,1,0.5
Central Africa Republic,2007,CF,CAF,Central Africa,FC,4.23,18.35,4.608,1.698,120.069,0.935,13.307,79.073,-0.106,0.325,847.1,,0.56,0.686,,4202.104,3320,0.556,0.62,0.628,121.93445,2,0,0,0,4,-1.08,-1.83,-1.44,-1.53,-0.97,-1.22,0,0,0,0.741729547,1798,73435,2,1,0.5
Central Africa Republic,2008,CF,CAF,Central Africa,FC,4.23,18.35,2.054,1.985,131.19,9.262,16.408,80.164,-0.197,0.325,847.1,,0.56,0.686,,4280.405,3320,0.556,0.62,0.628,134.75178,2,0,0,0,4,-1.01,-1.83,-1.4,-1.44,-0.98,-1.22,0,0,0,0.739479978,,,35,25,0.7143
Central Africa Republic,2009,CF,CAF,Central Africa,FC,4.23,18.35,1.709,1.982,135.811,3.522,16.647,36.799,-0.179,0.325,847.1,,0.56,0.686,,4361.492,3320,0.556,0.62,0.628,103.01762,2,0,0,0,4,-1.01,-1.88,-1.42,-1.32,-0.91,-1.25,1,0,0,0.620588292,,,14,7,0.5
Central Africa Republic,2010,CF,CAF,Central Africa,FC,4.23,18.35,3.047,1.986,137.835,1.491,18.602,32.311,-0.202,0.362,905.5,0.001,0.56,0.686,4.2,4444.973,3320,0.556,0.62,0.628,121.41215,2.1,0,0,0,4,-1.12,-2.01,-1.39,-1.29,-0.84,-1.15,1,0,0,0.708299486,,,13,8,0.6154
Central Africa Republic,2011,CF,CAF,Central Africa,FC,4.23,18.35,3.301,2.196,139.482,1.195,15.7,32.617,-0.166,0.368,916.8,0.001,0.56,0.686,4.2,4530.903,3320,0.556,0.62,0.628,114.05179,2.2,0,0,0,4,-1.11,-1.78,-1.28,-1.27,-0.84,-1.18,1,1,53,0.895815266,,,24,14,0.5833
Central Africa Republic,2012,CF,CAF,Central Africa,FC,4.23,18.35,4.113,2.171,147.123,5.478,16.354,30.497,-0.1,0.373,936.5,0.002,0.56,0.686,4.2,4619.5,3320,0.556,0.62,0.628,78.51203,2.4,0,0,0,4,-1.26,-1.87,-1.46,-1.45,-0.89,-1.09,1,0,0,0.802429977,,,36,30,0.8333
Central Africa Republic,2013,CF,CAF,Central Africa,FC,4.23,18.35,-36.047,1.545,157.405,6.989,14.662,50.566,-0.046,0.348,586.3,0.002,0.56,0.686,4.2,4710.678,3320,0.556,0.62,0.628,117.68958,2.3,0,0,0,4,-1.53,-2.18,-1.65,-1.83,-1.04,-1.18,1,1,285,0.718467183,709,81039,45,44,0.9778
Central Africa Republic,2014,CF,CAF,Central Africa,FC,4.23,18.35,1.01,1.786,180.949,14.958,15.54,41.83,-0.11,0.35,580.7,,0.56,0.686,,4804.316,3320,0.556,0.62,0.628,285.48517,2.2,0,0,0,4,-1.42,-2.67,-1.84,-1.73,-1.15,-1.41,0,1,997,0.763994876,,,37,26,0.7027
Central Africa Republic,2015,CF,CAF,Central Africa,FC,4.23,18.35,5.676,1.801,190.278,5.156,20.852,42.238,-0.201,,,,0.56,0.686,,,3320,0.556,0.62,0.628,,,0,0,0,4,,,,,,,0,1,0,0.742185797,,,39,29,0.7436
Chad,2003,TD,TCD,Central Africa,FC,12.1,14.59,14.722,3.102,101.663,-1.753,19.343,41.005,-1.359,0.332,2296.1,,0.345,0.622,,9353.516,10186,0.627,0.467,0.365,98.79121,1.8,0,0,0,4,-1.1,-1.41,-1.06,-1.31,-1.26,-0.91,1,0,0,0.609789288,,,34,22,0.6471
Chad,2004,TD,TCD,Central Africa,FC,12.1,14.59,33.629,5.003,96.78,-4.803,12.76,30.223,-0.758,0.332,2296.1,,0.345,0.622,,9710.498,10186,0.627,0.467,0.365,158.84614,1.7,0,0,0,4,-1.2,-1.5,-1.12,-1.34,-1.28,-0.83,0,0,0,0.640976949,,,35,30,0.8571
Chad,2005,TD,TCD,Central Africa,FC,12.1,14.59,7.935,6.658,100.336,3.675,11.55,25.64,0.07,0.338,1896.2,0.357,0.345,0.622,1.5,10067.932,10186,0.627,0.467,0.365,171.4892,1.7,0,0,0,4,-1.26,-1.39,-1.35,-1.45,-1.43,-1.17,1,0,0,0.462089235,,,11,3,0.2727
Chad,2006,TD,TCD,Central Africa,FC,12.1,14.59,0.648,7.429,108.069,7.707,13.973,26.243,0.341,0.338,1896.2,,0.345,0.622,,10423.616,10186,0.627,0.467,0.365,152.47047,2,0,0,0,4,-1.43,-1.81,-1.44,-1.51,-1.27,-1.08,1,1,214,0.504930475,,,60,40,0.6667
Chad,2007,TD,TCD,Central Africa,FC,12.1,14.59,3.271,8.651,100.028,-7.44,17.132,22.15,0.708,0.338,1896.2,,0.345,0.622,,10779.504,10186,0.627,0.467,0.365,226.58704,1.8,0,0,0,4,-1.46,-1.86,-1.59,-1.51,-1.3,-1.12,1,1,126,0.741729547,3885,149443,160,155,0.9688
Chad,2008,TD,TCD,Central Africa,FC,12.1,14.59,3.053,10.401,108.368,8.337,18.863,19.954,0.387,0.338,1896.2,,0.345,0.622,,11139.74,10186,0.627,0.467,0.365,284.43218,1.8,0,0,0,4,-1.46,-1.97,-1.54,-1.6,-1.45,-1.16,1,0,0,0.739479978,,,86,81,0.9419
Chad,2009,TD,TCD,Central Africa,FC,12.1,14.59,4.22,9.278,119.317,10.103,24.209,31.668,-0.85,0.338,1896.2,,0.345,0.622,,11510.535,10186,0.627,0.467,0.365,361.50879,1.6,0,0,0,4,-1.42,-1.69,-1.42,-1.49,-1.36,-1.04,1,0,0,0.620588292,,,20,12,0.6
Chad,2010,TD,TCD,Central Africa,FC,12.1,14.59,13.548,10.678,116.783,-2.123,24.41,20.661,-0.956,0.371,1872.7,0.163,0.345,0.622,1.9,11896.38,10186,0.627,0.467,0.365,290.06593,1.7,0,0,0,4,-1.37,-1.51,-1.45,-1.48,-1.34,-1.06,1,0,0,0.708299486,,,39,36,0.9231
Chad,2011,TD,TCD,Central Africa,FC,12.1,14.59,0.083,12.168,118.992,1.891,22.393,20.711,-0.686,0.382,1846.8,0.172,0.345,0.622,1.9,12298.512,10186,0.627,0.467,0.365,252.99722,2,0,0,0,4,-1.36,-1.32,-1.35,-1.45,-1.26,-1.01,0,0,0,0.895815266,,,7,5,0.7143
Chad,2013,TD,TCD,Central Africa,FC,12.1,14.59,5.694,12.951,128.408,0.221,22.88,18.658,-1.169,0.388,2001.9,0.11,0.345,0.622,1.9,13145.788,10186,0.627,0.467,0.365,225.87755,1.7,0,0,0,4,-1.38,-1.1,-1.42,-1.37,-1.29,-1,0,0,0,0.718467183,912,149445,1,0,0
Chad,2014,TD,TCD,Central Africa,FC,12.1,14.59,6.893,13.947,130.567,1.681,22.071,24.983,-1.219,0.392,2085.3,,0.345,0.622,,13587.053,10186,0.627,0.467,0.365,164.89009,2,0,0,0,4,-1.33,-1.53,-1.48,-1.12,-1.23,-1.17,0,0,0,0.763994876,,,4,3,0.75
Congo Republic,2003,CG,COG,Central Africa,FC,-4.09,15.12,0.813,3.503,90.828,1.69,29.792,204.372,0.033,0.489,3803.8,,,,,3331.564,1866,0.447,0.465,0.328,40.14129,2.2,0,1,0,3,-0.78,-1.2,-1.31,-1.19,-0.94,-1.1,0,0,0,0.609789288,,,46,7,0.1522
Congo Republic,2004,CG,COG,Central Africa,FC,-4.09,15.12,3.477,4.655,94.162,3.67,26.725,198.679,-0.493,0.489,3803.8,,,,,3412.592,1866,0.447,0.465,0.328,43.03143,2,0,1,0,3,-0.95,-1.14,-1.12,-1.15,-0.84,-0.97,0,0,0,0.640976949,,,50,23,0.46
Congo Republic,2005,CG,COG,Central Africa,FC,-4.09,15.12,7.756,6.098,96.484,2.466,24.162,108.271,0.027,0.503,3468.6,0.784,,,5.8,3503.086,1866,0.447,0.465,0.328,1487.38001,2.3,0,1,0,3,-1.08,-1.16,-1.28,-1.46,-1.02,-1.3,0,0,0,0.462089235,,,77,3,0.039
Congo Republic,2006,CG,COG,Central Africa,FC,-4.09,15.12,6.236,7.738,100.978,4.658,27.78,98.816,0.219,0.503,3468.6,,,,,3604.595,1866,0.447,0.465,0.328,317.38,2.2,0,1,0,3,-1.23,-0.94,-1.29,-1.24,-1.05,-1.2,0,0,0,0.504930475,,,6,0,0
Congo Republic,2007,CG,COG,Central Africa,FC,-4.09,15.12,-1.582,8.407,103.598,2.595,29.863,97.957,-0.547,0.503,3468.6,,,,,3715.665,1866,0.447,0.465,0.328,71.41423,2.1,0,1,0,3,-1.25,-0.76,-1.34,-1.21,-1.09,-1.19,0,0,0,0.741729547,17349,135918,37,35,0.9459
Congo Republic,2008,CG,COG,Central Africa,FC,-4.09,15.12,5.572,11.915,109.835,6.02,23.644,68.063,-0.066,0.503,3468.6,,,,,3832.771,1866,0.447,0.465,0.328,411.58913,1.9,0,1,0,3,-1.16,-0.71,-1.22,-1.17,-1.13,-1.26,0,0,0,0.739479978,,,21,10,0.4762
Congo Republic,2009,CG,COG,Central Africa,FC,-4.09,15.12,7.469,9.618,114.601,4.339,24.664,61.626,-1.357,0.503,3468.6,,,,,3950.786,1866,0.447,0.465,0.328,261.15119,1.9,0,1,0,3,-1.1,-0.28,-1.24,-1.19,-1.18,-1.28,0,0,0,0.620588292,,,8,5,0.625
Congo Republic,2010,CG,COG,Central Africa,FC,-4.09,15.12,8.743,12.029,120.331,5,21.44,22.888,0.897,0.554,4210.3,0.677,,,6.1,4066.078,1866,0.447,0.465,0.328,1273.52167,2.1,0,1,0,3,-1.06,-0.33,-1.23,-1.18,-1.11,-1.27,0,0,0,0.708299486,,,6,2,0.3333
Congo Republic,2011,CG,COG,Central Africa,FC,-4.09,15.12,3.41,14.433,122.448,1.76,26.077,33.087,0.675,0.56,4135.6,0.72,,,6.1,4177.435,1866,0.447,0.465,0.328,262.13087,2.2,0,1,0,3,-1.1,-0.36,-1.2,-1.16,-1.08,-1.26,0,0,0,0.895815266,,,133,122,0.9173
Congo Republic,2012,CG,COG,Central Africa,FC,-4.09,15.12,3.813,13.678,128.583,5.01,36.192,34.141,-0.326,0.575,4931.7,0.644,,,6.1,4286.188,1866,0.447,0.465,0.328,96.23394,2.4,0,1,0,3,-1.15,-0.49,-1.2,-1.12,-1.19,-1.38,0,0,0,0.802429977,,,14,14,1
Congo Republic,2013,CG,COG,Central Africa,FC,-4.09,15.12,3.322,13.478,134.539,4.632,38.384,38.184,-0.653,0.582,5308.9,0.544,,,6.1,4394.334,1866,0.447,0.465,0.328,97.00111,2,0,1,0,3,-1.12,-0.48,-1.21,-1.09,-1.19,-1.35,0,0,0,0.718467183,34590,140673,11,1,0.0909
Congo Republic,2014,CG,COG,Central Africa,FC,-4.09,15.12,6.021,13.502,135.766,0.912,41.023,42.295,-0.839,0.591,6011.7,,,,,4504.962,1866,0.447,0.465,0.328,63.01426,2.1,0,1,0,3,-1.08,-0.29,-1.15,-1.07,-1.22,-1.18,0,0,0,0.763994876,,,22,19,0.8636
Congo Republic,2015,CG,COG,Central Africa,FC,-4.09,15.12,5.16,10.175,139.842,3.002,46.618,51.564,-1.145,,,,,,,,1866,0.447,0.465,0.328,,,0,1,0,3,,,,,,,0,0,0,0.742185797,,,10,10,1
Dem. Republic of Congo,2003,CD,COD,Central Africa,FC,-4.2,15.15,5.578,8.954,646.493,12.817,9.984,114.463,0.181,0.329,517.4,,0.668,0.331,,52602.208,50312,0.508,0.636,0.877,5081.21989,2,0,1,0,3,-1.61,-2.08,-1.61,-1.73,-1.41,-1.5,0,1,923,0.609789288,,,136,130,0.9559
Dem. Republic of Congo,2004,CD,COD,Central Africa,FC,-4.2,15.15,6.738,10.341,672.356,4.001,8.738,123.927,-0.055,0.329,517.4,,0.668,0.331,,54314.855,50312,0.508,0.636,0.877,1179.61305,2,0,1,0,3,-1.73,-2.39,-1.45,-1.7,-1.43,-1.59,0,1,51,0.640976949,,,263,221,0.8403
Dem. Republic of Congo,2005,CD,COD,Central Africa,FC,-4.2,15.15,6.135,11.951,816.197,21.394,10.966,88.91,-0.389,0.361,529.2,0.178,0.668,0.331,4.3,56089.536,50312,0.508,0.636,0.877,1110.15178,2.1,0,1,0,3,-1.55,-2.17,-1.59,-1.57,-1.43,-1.62,0,0,0,0.462089235,,,121,103,0.8512
Dem. Republic of Congo,2006,CD,COD,Central Africa,FC,-4.2,15.15,5.321,14.297,924.025,13.211,9.928,99.985,0.048,0.361,529.2,,0.668,0.331,,57926.84,50312,0.508,0.636,0.877,1501.92076,2,0,1,0,3,-1.28,-2.27,-1.65,-1.61,-1.48,-1.32,1,0,0,0.504930475,,,42,38,0.9048
Dem. Republic of Congo,2007,CD,COD,Central Africa,FC,-4.2,15.15,6.259,16.364,1078.457,16.713,10.62,83.407,0.527,0.361,529.2,,0.668,0.331,,59834.875,50312,0.508,0.636,0.877,787.53645,1.9,0,1,0,3,-1.26,-2.21,-1.77,-1.59,-1.31,-1.26,1,1,25,0.741729547,10402,263700,40,18,0.45
Dem. Republic of Congo,2008,CD,COD,Central Africa,FC,-4.2,15.15,6.226,19.129,1272.214,17.966,12.65,86.953,-0.151,0.361,529.2,,0.668,0.331,,61809.278,50312,0.508,0.636,0.877,989.05264,1.7,0,1,0,3,-1.45,-2.03,-1.67,-1.56,-1.17,-1.3,1,1,87,0.739479978,,,70,69,0.9857
Dem. Republic of Congo,2009,CD,COD,Central Africa,FC,-4.2,15.15,2.855,18.315,1860.243,46.221,13.899,89.797,-1.123,0.361,529.2,,0.668,0.331,,63845.097,50312,0.508,0.636,0.877,1090.21948,1.9,0,1,0,3,-1.45,-1.99,-1.71,-1.63,-1.36,-1.53,0,0,0,0.620588292,,,59,54,0.9153
Dem. Republic of Congo,2010,CD,COD,Central Africa,FC,-4.2,15.15,7.079,20.523,2296.74,23.464,17.852,27.166,-2.174,0.408,602.7,0.677,0.668,0.331,5.4,65938.712,50312,0.508,0.636,0.877,2400.33713,2,0,1,0,3,-1.44,-2.23,-1.73,-1.61,-1.42,-1.58,0,0,0,0.708299486,,,84,76,0.9048
Dem. Republic of Congo,2011,CD,COD,Central Africa,FC,-4.2,15.15,6.865,23.83,2653.618,15.538,16.171,22.993,-1.281,0.418,621.5,0.72,0.668,0.331,5.6,68087.376,50312,0.508,0.636,0.877,6160.1057,2,0,1,0,3,-1.52,-2.24,-1.67,-1.65,-1.4,-1.2,0,1,26,0.895815266,,,76,75,0.9868
Dem. Republic of Congo,2012,CD,COD,Central Africa,FC,-4.2,15.15,7.158,27.464,2710.24,2.134,15.487,19.931,-1.696,0.423,646.5,0.644,0.668,0.331,5.8,70291.16,50312,0.508,0.636,0.877,1666.55389,1.9,0,1,0,3,-1.51,-2.14,-1.66,-1.55,-1.3,-1.51,1,1,244,0.802429977,,,91,90,0.989
Dem. Republic of Congo,2013,CD,COD,Central Africa,FC,-4.2,15.15,8.465,31.618,2732.113,0.807,12.66,18.881,-3.513,0.43,662.1,0.544,0.668,0.331,6,72552.861,50312,0.508,0.636,0.877,1216.42405,2,0,1,0,3,-1.47,-2.23,-1.44,-1.43,-1.3,-1.25,1,1,107,0.718467183,5130,274991,36,35,0.9722
Dem. Republic of Congo,2014,CD,COD,Central Africa,FC,-4.2,15.15,9.093,34.677,2759.434,1,11.741,19.691,-3.312,0.433,680.5,,0.668,0.331,,74877.03,50312,0.508,0.636,0.877,1213.74694,2,0,1,0,3,-1.31,-2.27,-1.59,-1.73,-1.29,-1.34,0,1,135,0.763994876,,,147,145,0.9864
Dem. Republic of Congo,2015,CD,COD,Central Africa,FC,-4.2,15.15,9.185,39.064,2824.685,2.365,14.11,20.492,-4.179,,,,0.668,0.331,,,50312,0.508,0.636,0.877,,,0,1,0,3,,,,,,,0,1,0,0.742185797,,,118,111,0.9407
Gabon,2003,GA,GAB,Central Africa,FC,0.25,9.26,1.701,6.815,104.457,2.105,20.26,66.97,0.766,0.632,15381.5,,0.884,,,1318.093,273,0.434,0.327,0.061,117.67186,3.1,0,0,0,2,-0.68,0.25,-0.48,-0.39,-0.47,-0.16,0,0,0,0.609789288,,,18,12,0.6667
Gabon,2004,GA,GAB,Central Africa,FC,0.25,9.26,1.12,8.008,104.884,0.408,20.218,58.407,0.924,0.632,15381.5,,0.884,,,1347.524,273,0.434,0.327,0.061,67.1139,3.3,0,0,0,2,-0.81,0.38,-0.8,-0.51,-0.76,-0.46,0,0,0,0.640976949,,,17,13,0.7647
Gabon,2005,GA,GAB,Central Africa,FC,0.25,9.26,-0.786,9.504,106.112,1.171,20.669,49.093,1.983,0.644,15670.3,0.421,0.884,,6.9,1377.777,273,0.434,0.327,0.061,71.6641,2.9,0,0,0,2,-0.88,0.31,-0.84,-0.46,-0.55,-0.23,0,0,0,0.462089235,,,6,3,0.5
Gabon,2006,GA,GAB,Central Africa,FC,0.25,9.26,-1.908,10.393,104.62,-1.406,20.65,38.689,1.796,0.644,15670.3,,0.884,,,1408.92,273,0.434,0.327,0.061,62.11335,3,0,0,0,2,-0.99,0.18,-0.85,-0.73,-0.96,-0.48,0,0,0,0.504930475,,,1,0,0
Gabon,2008,GA,GAB,Central Africa,FC,0.25,9.26,1.733,16.295,109.002,5.263,18.016,16.114,3.567,0.644,15670.3,,0.884,,,1473.741,273,0.434,0.327,0.061,70.04177,3.1,0,0,0,2,-0.85,0.24,-0.83,-0.63,-1.02,-0.65,0,0,0,0.739479978,,,5,4,0.8
Gabon,2009,GA,GAB,Central Africa,FC,0.25,9.26,-2.279,11.91,111.057,1.885,23.057,23.559,0.777,0.644,15670.3,,0.884,,,1507.428,273,0.434,0.327,0.061,87.62416,2.9,0,0,0,2,-1,0.12,-0.75,-0.55,-0.94,-0.59,0,0,0,0.620588292,,,7,5,0.7143
Gabon,2010,GA,GAB,Central Africa,FC,0.25,9.26,6.27,15.863,112.664,1.447,20.9,18.564,1.239,0.663,14295.7,0.339,0.884,,7.6,1541.936,273,0.434,0.327,0.061,107.55171,2.8,0,0,0,2,-0.89,0.3,-0.78,-0.51,-0.78,-0.57,0,0,0,0.708299486,,,22,17,0.7727
Gabon,2011,GA,GAB,Central Africa,FC,0.25,9.26,6.938,19.991,114.086,1.262,24.142,16.257,2.613,0.668,14515.4,0.349,0.884,,7.7,1577.298,273,0.434,0.327,0.061,90.23594,3,0,0,0,2,-0.93,0.39,-0.8,-0.45,-0.79,-0.56,0,0,0,0.895815266,,,39,29,0.7436
Gabon,2012,GA,GAB,Central Africa,FC,0.25,9.26,5.493,16.215,117.147,2.683,30.19,21.057,3.459,0.673,14760.6,0.34,0.884,,7.8,1613.489,273,0.434,0.327,0.061,83.67005,3.2,0,0,0,2,-0.87,0.31,-0.78,-0.45,-0.55,-0.51,0,0,0,0.802429977,,,41,28,0.6829
Gabon,2013,GA,GAB,Central Africa,FC,0.25,9.26,5.602,17.139,117.71,0.48,29.156,26.973,2.566,0.679,15656.7,0.291,0.884,,7.8,1650.351,273,0.434,0.327,0.061,88.38756,3.1,0,0,0,2,-0.86,0.34,-0.7,-0.52,-0.56,-0.56,0,0,0,0.718467183,11122,220717,49,22,0.449
Gabon,2014,GA,GAB,Central Africa,FC,0.25,9.26,5.085,17.182,123.021,4.512,24.983,27.785,1.933,0.684,16366.9,,0.884,,,1687.673,273,0.434,0.327,0.061,116.53255,3.4,0,0,0,2,-0.91,0.2,-0.66,-0.5,-0.64,-0.73,0,0,0,0.763994876,,,34,20,0.5882
Eritrea,2002,ER,ERI,Eastern Africa,FE,15.19,38.55,3.005,0.729,133.97,16.877,62.558,177.082,0.05,0.389,1445.4,,0.678,0.334,,3788.532,,,,,112.76268,2.6,0,0,0,2,-1.76,-0.41,-0.81,-0.39,0.06,-1.11,0,0,0,,83,5275,3,0,0
Eritrea,2003,ER,ERI,Eastern Africa,FE,15.19,38.55,-2.656,0.87,164.34,22.669,67.009,192.03,0.084,0.389,1445.4,,0.678,0.334,,3928.408,,,,,174.36888,2.4,0,0,0,2,-1.9,-0.76,-0.98,-0.51,-0.07,-1.62,1,0,0,0.206073962,,,3,1,0.3333
Eritrea,2004,ER,ERI,Eastern Africa,FE,15.19,38.55,1.452,1.109,205.606,25.111,54.841,140.765,-0.007,0.389,1445.4,,0.678,0.334,,4064.958,,,,,150.93787,2.6,0,0,0,2,-1.85,-0.6,-1.02,-0.69,-0.15,-1.67,0,0,0,0.273298509,,,1,0,0
Eritrea,2006,ER,ERI,Eastern Africa,FE,15.19,38.55,-0.969,1.211,266.165,15.064,41.156,151.644,-0.043,0.389,1319.1,,0.678,0.334,,4304.44,,,,,61.00127,2.9,0,0,0,2,-2.03,-0.9,-1.31,-1.08,-0.25,-2.08,0,0,0,0.1851255,,,7,1,0.1429
Eritrea,2007,ER,ERI,Eastern Africa,FE,15.19,38.55,1.427,1.318,290.93,9.304,39.94,156.656,-0.081,0.389,1319.1,,0.678,0.334,,4406.299,,,,,44.86859,2.8,0,0,0,2,-2.08,-1.02,-1.3,-1.21,-0.49,-2.12,0,0,0,0.231110157,96,6293,4,2,0.5
Eritrea,2008,ER,ERI,Eastern Africa,FE,15.19,38.55,-9.783,1.38,348.95,19.943,42.132,174.915,-0.075,0.389,1319.1,,0.678,0.334,,4500.638,,,,,51.62182,2.6,0,0,0,2,-2.12,-0.71,-1.28,-1.22,-0.32,-2.17,1,0,0,0.436368897,,,5,2,0.4
Eritrea,2009,ER,ERI,Eastern Africa,FE,15.19,38.55,3.877,1.857,464.104,33,30.635,144.602,-0.141,0.389,1319.1,,0.678,0.334,,4593.549,,,,,39.87692,2.6,0,0,0,2,-2.16,-0.67,-1.38,-1.24,-0.43,-2.26,0,0,0,0.216455628,,,6,1,0.1667
Eritrea,2010,ER,ERI,Eastern Africa,FE,15.19,38.55,2.194,2.117,523.085,12.709,34.624,143.765,-0.119,0.381,1072,0.03,0.678,0.334,3.9,4689.664,,,,,36.29681,2.6,0,0,0,2,-2.16,-0.87,-1.37,-1.29,-0.47,-2.25,0,0,0,0.453705542,,,2,0,0
Eritrea,2012,ER,ERI,Eastern Africa,FE,15.19,38.55,7.02,3.092,665.546,12.256,30.676,125.768,0.072,0.39,1169.1,0.193,0.678,0.334,3.9,4892.233,,,,,15.68569,2.3,0,0,0,2,-2.15,-0.72,-1.51,-1.36,-0.65,-2.24,0,0,0,0.551733305,,,5,0,0
Eritrea,2013,ER,ERI,Eastern Africa,FE,15.19,38.55,1.331,3.444,747.116,12.256,29.76,125.999,0.012,0.39,1146.9,0.173,0.678,0.334,3.9,4998.824,,,,,14.86076,1.8,0,0,0,2,-2.15,-0.78,-1.59,-1.39,-0.8,-2.22,0,0,0,0.510528572,96,5275,2,0,0
Eritrea,2014,ER,ERI,Eastern Africa,FE,15.19,38.55,1.701,3.858,838.683,12.256,28.999,125.328,-0.008,0.391,1130.2,,0.678,0.334,,5110.444,,,,,15.12932,1.6,0,0,0,2,-2.04,-0.76,-1.62,-1.46,-0.86,-2.12,0,0,0,0.451788952,,,1,0,0
Ethiopia,2012,ET,ETH,Eastern Africa,FE,9.02,38.42,8.7,43.134,472.105,24.132,16.648,20.937,-2.985,0.429,1237.3,0.151,0.39,,2.4,92191.211,78887,0.609,0.296,0.368,1821.09583,3,0,1,0,1,-1.28,-1.54,-0.44,-0.66,-0.61,-1.07,1,1,424,0.551733305,,,19,14,0.7368
Ethiopia,2013,ET,ETH,Eastern Africa,FE,9.02,38.42,9.821,46.643,510.21,8.071,17.802,21.554,-2.821,0.436,1332.6,0.14,0.39,,2.4,94558.374,78887,0.609,0.296,0.368,1946.63641,3,0,1,0,1,-1.29,-1.38,-0.57,-0.62,-0.5,-1.14,1,0,0,0.510528572,74,38417,15,10,0.6667
Ethiopia,2014,ET,ETH,Eastern Africa,FE,9.02,38.42,10.347,52.335,547.85,7.377,17.708,21.862,-4.704,0.442,1427.7,,0.39,,,96958.732,78887,0.609,0.296,0.368,1950.79134,3,0,1,0,1,-1.26,-1.24,-0.47,-0.42,-0.43,-0.98,1,0,0,0.451788952,,,3,3,1
Ethiopia,2015,ET,ETH,Eastern Africa,FE,9.02,38.42,8.563,1232.544,585.231,6.823,19.141,21.706,-3.781,,,,0.39,,,,78887,0.609,0.296,0.368,,,0,1,0,1,,,,,,,1,0,0,0.412142833,,,4,3,0.75
Kenya,2002,KE,KEN,Eastern Africa,FE,-1.17,36.48,0.481,14.764,108.106,2.156,21.133,61.844,-0.118,0.447,2123.1,,0.874,0.828,,32691.98,,,,,293.4131,1.9,0,0,0,2,-0.75,-1.25,-0.67,-0.91,-0.99,-0.17,0,0,0,,23137,109071,159,60,0.3774
Kenya,2003,KE,KEN,Eastern Africa,FE,-1.17,36.48,2.949,16.796,114.574,5.983,21.105,60.133,0.132,0.447,2123.1,,0.874,0.828,,33551.079,,,,,385.77151,1.9,0,0,0,2,-0.25,-1.28,-0.61,-0.89,-0.83,-0.26,0,0,0,0.206073962,,,284,60,0.2113
Kenya,2004,KE,KEN,Eastern Africa,FE,-1.17,36.48,4.635,18.064,124.176,8.381,20.169,53.795,-0.132,0.447,2123.1,,0.874,0.828,,34437.46,,,,,495.86992,2.1,0,0,0,2,-0.17,-1.07,-0.58,-0.86,-0.8,-0.26,0,0,0,0.273298509,,,200,64,0.32
Kenya,2005,KE,KEN,Eastern Africa,FE,-1.17,36.48,5.665,21.001,133.89,7.823,21.573,48.343,-0.252,0.482,2239.6,0.04,0.874,0.828,5.8,35349.04,,,,,527.89617,2.1,0,0,0,2,-0.2,-1.27,-0.67,-0.9,-0.97,-0.23,0,1,159,0.192911184,,,221,44,0.1991
Kenya,2006,KE,KEN,Eastern Africa,FE,-1.17,36.48,5.854,25.826,141.978,6.041,21.478,43.975,-0.51,0.482,2239.6,,0.874,0.828,,36286.015,,,,,804.45788,2.2,0,0,0,2,-0.14,-1.12,-0.58,-0.89,-0.87,-0.17,0,1,157,0.1851255,,,203,37,0.1823
Kenya,2007,KE,KEN,Eastern Africa,FE,-1.17,36.48,6.851,31.958,148.033,4.265,22.095,38.372,-1.032,0.482,2239.6,,0.874,0.828,,37250.54,,,,,941.87943,2.1,0,0,0,2,-0.24,-1.27,-0.5,-0.97,-0.91,-0.23,0,0,0,0.231110157,24669,107113,166,38,0.2289
Kenya,2008,KE,KEN,Eastern Africa,FE,-1.17,36.48,0.232,35.895,170.388,15.101,22.826,41.469,-1.983,0.482,2239.6,,0.874,0.828,,38244.442,,,,,1086.83893,2.1,0,0,0,2,-0.29,-1.38,-0.59,-1.02,-1.03,-0.2,0,1,346,0.436368897,,,372,173,0.4651
Kenya,2009,KE,KEN,Eastern Africa,FE,-1.17,36.48,3.307,37.022,188.367,10.552,23.134,41.095,-1.689,0.482,2239.6,,0.874,0.828,,39269.988,,,,,1320.32546,2.2,0,0,0,2,-0.34,-1.43,-0.6,-1.05,-1.08,-0.13,0,1,51,0.216455628,,,702,161,0.2293
Kenya,2010,KE,KEN,Eastern Africa,FE,-1.17,36.48,8.406,40,196.484,4.309,24.212,44.403,-2.369,0.529,2493.5,0.031,0.874,0.828,6.1,40328.313,,,,,1291.05034,2.1,0,0,0,2,-0.23,-1.17,-0.54,-0.99,-0.94,-0.07,0,1,55,0.453705542,,,285,160,0.5614
Kenya,2011,KE,KEN,Eastern Africa,FE,-1.17,36.48,6.122,41.955,224.036,14.022,23.571,43.048,-3.83,0.535,2585.2,0.034,0.874,0.828,6.2,41419.954,,,,,1689.88932,2.2,0,0,0,2,-0.28,-1.24,-0.56,-0.95,-0.95,-0.21,0,1,84,0.583495547,,,464,296,0.6379
Kenya,2012,KE,KEN,Eastern Africa,FE,-1.17,36.48,4.452,50.335,245.046,9.378,24.214,40.812,-4.253,0.539,2623,0.036,0.874,0.828,6.2,42542.978,,,,,2031.53165,2.5,0,0,0,2,-0.31,-1.32,-0.54,-0.87,-1.09,-0.31,0,1,190,0.551733305,,,707,449,0.6351
Kenya,2013,KE,KEN,Eastern Africa,FE,-1.17,36.48,5.743,55.241,259.056,5.717,25.33,42.244,-4.788,0.544,2691.6,0.033,0.874,0.828,6.3,43692.881,,,,,2168.92318,2.5,0,0,0,2,-0.25,-1.15,-0.47,-0.75,-1.06,-0.31,0,1,124,0.510528572,25805,110927,512,272,0.5313
Kenya,2014,KE,KEN,Eastern Africa,FE,-1.17,36.48,5.275,60.77,276.874,6.878,27.27,48.604,-5.604,0.548,2761.6,,0.874,0.828,,44863.583,,,,,1740.39552,2.3,0,0,0,2,-0.16,-1.27,-0.3,-0.45,-0.94,-0.34,0,1,122,0.451788952,,,298,136,0.4564
Kenya,2015,KE,KEN,Eastern Africa,FE,-1.17,36.48,6.856,65.899,291.048,5.119,28.877,50.08,-5.047,,,,0.874,0.828,,,,,,,,,0,0,0,2,,,,,,,0,1,0,0.412142833,,,297,100,0.3367
Rwanda,2006,RW,RWA,Eastern Africa,FE,-1.59,30.04,9.227,3.109,132.986,8.831,21.723,26.57,-0.139,0.391,963.3,,0.711,0.906,,9231.041,7669,0.497,0.449,0.63,409.42828,2.5,0,0,0,1,-1.17,-0.68,-0.29,-0.56,-0.17,-0.62,0,0,0,0.1851255,,,1,0,0
Rwanda,2010,RW,RWA,Eastern Africa,FE,-1.59,30.04,6.265,5.698,188.546,2.036,25.869,22.766,-0.414,0.453,1252.3,0.06,0.711,0.906,3.5,10293.669,7669,0.497,0.449,0.63,550.34013,4,0,0,0,1,-1.31,-0.2,-0.05,-0.3,0.46,-0.18,1,0,0,0.453705542,,,1,0,0
Rwanda,2011,RW,RWA,Eastern Africa,FE,-1.59,30.04,7.46,6.406,199.232,5.668,26.459,23.724,-0.477,0.464,1311.5,0.059,0.711,0.906,3.6,10556.429,7669,0.497,0.449,0.63,598.38695,5,0,0,0,1,-1.31,-0.14,0.07,-0.31,0.43,-0.13,1,0,0,0.583495547,,,4,1,0.25
Rwanda,2012,RW,RWA,Eastern Africa,FE,-1.59,30.04,8.788,7.223,211.757,6.286,25.866,23.705,-0.821,0.476,1381.5,0.063,0.711,0.906,3.7,10817.35,7669,0.497,0.449,0.63,448.2751,4.8,0,0,0,1,-1.26,-0.2,-0.06,-0.26,0.65,-0.1,1,0,0,0.551733305,,,3,0,0
Rwanda,2013,RW,RWA,Eastern Africa,FE,-1.59,30.04,4.708,7.522,220.699,4.223,27.622,29.037,-0.538,0.479,1399.9,0.061,0.711,0.906,3.7,11078.095,7669,0.497,0.449,0.63,570.7839,4.8,0,0,0,1,-1.18,-0.08,0.04,-0.15,0.64,0,0,0,0,0.510528572,88,1014,1,0,0
Rwanda,2014,RW,RWA,Eastern Africa,FE,-1.59,30.04,7.007,8.012,224.636,1.784,27.366,27.997,-0.964,0.483,1458,,0.711,0.906,,11341.544,7669,0.497,0.449,0.63,478.39682,4.5,0,0,0,1,-1.13,-0.1,0.02,0.08,0.83,0.18,0,0,0,0.451788952,,,0,0,0
Tanzinia,2003,TZ,TZA,Eastern Africa,FE,-2.2,32.9,6.358,14.178,114.806,4.429,15.342,44.315,-0.16,0.392,1478.8,,0.732,0.979,,36866.228,29842,0.504,0.282,0.435,789.70923,2.5,0,0,0,2,-0.37,-0.88,-0.37,-0.29,-0.78,-0.5,0,0,0,0.206073962,,,38,13,0.3421
Tanzinia,2004,TZ,TZA,Eastern Africa,FE,-2.2,32.9,7.211,15.547,119.558,4.138,17.054,44.603,-0.5,0.392,1478.8,,0.732,0.979,,37935.334,29842,0.504,0.282,0.435,1016.53685,2.8,0,0,0,2,-0.47,-0.65,-0.42,-0.36,-0.8,-0.44,0,0,0,0.273298509,,,48,18,0.375
Tanzinia,2005,TZ,TZA,Eastern Africa,FE,-2.2,32.9,5.747,16.923,124.769,4.359,18.586,46.776,-0.938,0.448,1815.4,0.009,0.732,0.979,4.8,39065.6,29842,0.504,0.282,0.435,809.60108,2.9,0,0,0,2,-0.29,-0.57,-0.39,-0.26,-0.65,-0.45,0,0,0,0.192911184,,,21,13,0.619
Tanzinia,2006,TZ,TZA,Eastern Africa,FE,-2.2,32.9,5.064,18.622,133.816,7.251,17.862,32.821,-1.374,0.448,1815.4,,0.732,0.979,,40260.847,29842,0.504,0.282,0.435,966.48308,2.9,0,0,0,2,-0.2,-0.33,-0.34,-0.44,-0.22,-0.37,0,0,0,0.1851255,,,15,11,0.7333
Tanzinia,2007,TZ,TZA,Eastern Africa,FE,-2.2,32.9,8.771,21.502,143.22,7.028,18.103,21.598,-1.843,0.448,1815.4,,0.732,0.979,,41522.004,29842,0.504,0.282,0.435,1816.37866,3.2,0,0,0,2,-0.14,-0.35,-0.38,-0.36,-0.34,-0.4,0,0,0,0.231110157,136753,390366,112,46,0.4107
Tanzinia,2008,TZ,TZA,Eastern Africa,FE,-2.2,32.9,5.586,27.262,157.938,10.276,18.574,21.599,-2.117,0.448,1815.4,,0.732,0.979,,42844.744,29842,0.504,0.282,0.435,1355.39594,3,0,0,0,2,-0.17,-0.21,-0.48,-0.34,-0.42,-0.5,0,0,0,0.436368897,,,107,66,0.6168
Tanzinia,2009,TZ,TZA,Eastern Africa,FE,-2.2,32.9,5.395,28.596,177.118,12.144,20.155,24.34,-2.085,0.448,1815.4,,0.732,0.979,,44222.113,29842,0.504,0.282,0.435,1415.16795,2.6,0,0,0,2,-0.16,0.07,-0.59,-0.48,-0.44,-0.42,0,0,0,0.216455628,,,110,53,0.4818
Tanzinia,2010,TZ,TZA,Eastern Africa,FE,-2.2,32.9,6.354,30.898,189.855,7.192,20.37,27.509,-2.131,0.5,2062.6,0.03,0.732,0.979,5.1,45648.525,29842,0.504,0.282,0.435,1657.7822,2.7,0,0,0,2,-0.13,-0.02,-0.58,-0.49,-0.54,-0.41,0,0,0,0.453705542,,,278,157,0.5647
Tanzinia,2011,TZ,TZA,Eastern Africa,FE,-2.2,32.9,7.918,33.338,213.95,12.691,19.287,28.047,-3.475,0.506,2152.3,0.043,0.732,0.979,5.1,47122.998,29842,0.504,0.282,0.435,1709.68262,3,0,0,0,2,-0.14,-0.05,-0.63,-0.54,-0.63,-0.4,0,0,0,0.583495547,,,294,203,0.6905
Tanzinia,2012,TZ,TZA,Eastern Africa,FE,-2.2,32.9,5.149,39.013,248.184,16.001,19.822,29.207,-4.51,0.51,2200.7,0.043,0.732,0.979,5.1,48645.709,29842,0.504,0.282,0.435,1774.86187,3.2,0,0,0,2,-0.18,0.02,-0.69,-0.56,-0.8,-0.4,0,0,0,0.551733305,,,319,194,0.6082
Tanzinia,2013,TZ,TZA,Eastern Africa,FE,-2.2,32.9,7.281,43.726,267.715,7.87,19.685,31.358,-4.515,0.516,2300.2,0.047,0.732,0.979,5.1,50213.457,29842,0.504,0.282,0.435,2139.80505,3,0,0,0,2,-0.22,-0.17,-0.75,-0.5,-0.81,-0.34,0,0,0,0.510528572,63624,387538,202,156,0.7723
Tanzinia,2014,TZ,TZA,Eastern Africa,FE,-2.2,32.9,7.235,47.932,284.133,6.133,19.634,33.227,-4.868,0.521,2411.5,,0.732,0.979,,51822.621,29842,0.504,0.282,0.435,1458.67579,2.8,0,0,0,2,-0.17,-0.54,-0.64,-0.41,-0.8,-0.34,0,0,0,0.451788952,,,116,82,0.7069
Tanzinia,2015,TZ,TZA,Eastern Africa,FE,-2.2,32.9,7.225,49.966,296.087,4.207,20.423,34.741,-5.007,,,,0.732,0.979,,,29842,0.504,0.282,0.435,,,0,0,0,2,,,,,,,0,0,0,0.412142833,,,153,119,0.7778
Uganda,2002,UG,UGA,Eastern Africa,FE,0.2,32.3,7.057,7.459,79.189,-0.3,18.932,61.796,-0.432,0.393,1022.7,,0.732,0.909,,25355.794,24712,0.511,0.195,0.378,388.3071,2.1,0,0,0,2,-0.93,-1.49,-0.42,-0.65,-0.94,-0.03,1,0,0,,2064,11313,3,0,0
Uganda,2003,UG,UGA,Eastern Africa,FE,0.2,32.3,6.159,7.906,86.086,8.71,18.164,60.85,-0.307,0.393,1022.7,,0.732,0.909,,26217.76,24712,0.511,0.195,0.378,543.86196,2.2,0,0,0,2,-0.64,-1.6,-0.34,-0.54,-0.8,0,1,1,320,0.206073962,,,11,11,1
Uganda,2004,UG,UGA,Eastern Africa,FE,0.2,32.3,5.803,9.408,89.242,3.666,17.817,55.951,-0.301,0.393,1022.7,,0.732,0.909,,27114.742,24712,0.511,0.195,0.378,637.30672,2.6,0,0,0,2,-0.65,-1.3,-0.34,-0.63,-0.75,0,1,0,0,0.273298509,,,10,4,0.4
Uganda,2005,UG,UGA,Eastern Africa,FE,0.2,32.3,10.007,11.139,96.919,8.602,16.187,47.609,-0.251,0.43,1181.8,0.144,0.732,0.909,4.4,28042.413,24712,0.511,0.195,0.378,637.9114,2.5,0,0,0,2,-0.53,-1.43,-0.54,-0.56,-0.85,-0.18,1,1,84,0.192911184,,,1,0,0
Uganda,2006,UG,UGA,Eastern Africa,FE,0.2,32.3,7.049,12.328,103.901,7.205,15.64,31.7,-0.439,0.43,1181.8,,0.732,0.909,,29000.925,24712,0.511,0.195,0.378,902.58467,2.7,0,0,0,2,-0.42,-1.16,-0.48,-0.34,-0.75,-0.2,1,0,0,0.1851255,,,13,4,0.3077
Uganda,2007,UG,UGA,Eastern Africa,FE,0.2,32.3,8.064,14.875,110.212,6.073,15.578,19.985,-0.679,0.43,1181.8,,0.732,0.909,,29991.958,24712,0.511,0.195,0.378,950.51263,2.8,0,0,0,2,-0.47,-0.96,-0.41,-0.38,-0.8,-0.2,1,1,34,0.231110157,4322,15148,6,5,0.8333
Uganda,2008,UG,UGA,Eastern Africa,FE,0.2,32.3,10.428,17.917,123.483,12.041,16.198,19.587,-1.394,0.43,1181.8,,0.732,0.909,,31014.427,24712,0.511,0.195,0.378,1003.28738,2.6,0,0,0,2,-0.5,-0.91,-0.57,-0.38,-0.83,-0.22,1,0,0,0.436368897,,,11,5,0.4545
Uganda,2009,UG,UGA,Eastern Africa,FE,0.2,32.3,8.069,18.921,139.626,13.074,14.978,18.847,-1.182,0.43,1181.8,,0.732,0.909,,32067.125,24712,0.511,0.195,0.378,1009.90512,2.5,0,0,0,2,-0.5,-0.99,-0.62,-0.42,-0.89,-0.15,1,1,38,0.216455628,,,13,5,0.3846
Uganda,2010,UG,UGA,Eastern Africa,FE,0.2,32.3,7.666,19.687,145.173,3.972,19.338,23.55,-1.846,0.473,1488.2,0.119,0.732,0.909,5.4,33149.417,24712,0.511,0.195,0.378,1009.67854,2.5,0,0,0,2,-0.5,-1.01,-0.52,-0.39,-0.9,-0.15,1,0,0,0.453705542,,,18,6,0.3333
Uganda,2011,UG,UGA,Eastern Africa,FE,0.2,32.3,6.821,21.685,172.287,18.677,16.708,23.261,-2.25,0.473,1579.5,0.14,0.732,0.909,5.4,34260.342,24712,0.511,0.195,0.378,1000.35789,2.4,0,0,0,2,-0.51,-0.99,-0.51,-0.35,-0.89,-0.14,1,0,0,0.583495547,,,46,40,0.8696
Uganda,2012,UG,UGA,Eastern Africa,FE,0.2,32.3,2.628,24.412,196.436,14.017,16.625,24.579,-1.977,0.476,1591.9,0.136,0.732,0.909,5.4,35400.62,24712,0.511,0.195,0.378,939.92647,2.6,0,0,0,2,-0.48,-0.88,-0.57,-0.36,-0.98,-0.24,0,0,0,0.551733305,,,40,29,0.725
Uganda,2013,UG,UGA,Eastern Africa,FE,0.2,32.3,3.89,25.573,205.823,4.779,16.803,27.382,-1.625,0.478,1576.6,0.132,0.732,0.909,5.4,36573.387,24712,0.511,0.195,0.378,1072.58142,2.4,0,0,0,2,-0.55,-0.84,-0.57,-0.36,-1.05,-0.25,1,0,0,0.510528572,5562,15160,47,18,0.383
Uganda,2014,UG,UGA,Eastern Africa,FE,0.2,32.3,4.898,27.616,215.431,4.668,17.316,30.381,-2.082,0.483,1612.6,,0.732,0.909,,37782.971,24712,0.511,0.195,0.378,1105.12446,2.4,0,0,0,2,-0.56,-0.93,-0.4,-0.39,-1.1,-0.36,1,0,0,0.451788952,,,31,15,0.4839
Uganda,2015,UG,UGA,Eastern Africa,FE,0.2,32.3,5.397,26.814,226.044,4.926,17.118,35.304,-2.348,,,,0.732,0.909,,,24712,0.511,0.195,0.378,,,0,0,0,2,,,,,,,1,0,0,0.412142833,,,24,14,0.5833
Botswana,2003,BW,BWA,Southern Africa,FS,-24.45,25.57,4.625,7.538,125.692,9.185,42.39,11.693,0.683,0.561,9625.4,,0.845,0.871,,1810.438,,,,,28.43707,5.7,1,0,3,0,0.69,1.08,0.73,0.67,1.25,0.79,0,0,0,0.270989931,,,59,0,0
Botswana,2004,BW,BWA,Southern Africa,FS,-24.45,25.57,2.705,8.969,134.475,6.988,39.314,10.605,0.351,0.561,9625.4,,0.845,0.871,,1835.75,,,,,34.07275,6,1,0,3,0,0.73,0.89,0.64,0.64,0.88,0.66,0,0,0,0.294688455,,,73,5,0.0685
Botswana,2005,BW,BWA,Southern Africa,FS,-24.45,25.57,4.558,10.027,146.054,8.61,33.368,7.368,1.634,0.612,10501.8,0.029,0.845,0.871,8.3,1864.003,,,,,35.94676,5.9,1,0,3,0,0.57,1.06,0.66,0.6,1.14,0.67,0,0,0,0.286844448,,,153,7,0.0458
Botswana,2006,BW,BWA,Southern Africa,FS,-24.45,25.57,7.959,10.165,162.928,11.553,32.294,5.983,1.957,0.612,10501.8,,0.845,0.871,,1895.671,,,,,44.17822,5.6,1,0,3,0,0.49,0.96,0.52,0.58,0.9,0.5,0,0,0,0.35830302,,,111,11,0.0991
Botswana,2007,BW,BWA,Southern Africa,FS,-24.45,25.57,8.682,10.942,174.459,7.077,35.802,8.212,1.652,0.612,10501.8,,0.845,0.871,,1930.431,,,,,69.56802,5.4,1,0,3,0,0.48,0.98,0.59,0.61,0.94,0.44,0,0,0,0.356873763,175487,100265,101,14,0.1386
Botswana,2008,BW,BWA,Southern Africa,FS,-24.45,25.57,3.901,11.197,196.481,12.623,46.88,7.594,-0.12,0.612,10501.8,,0.845,0.871,,1967.866,,,,,707.57479,5.8,1,0,3,0,0.48,0.98,0.56,0.66,0.99,0.48,0,0,0,0.361910374,,,113,4,0.0354
Botswana,2009,BW,BWA,Southern Africa,FS,-24.45,25.57,-7.84,10.156,212.412,8.108,50.899,17.966,-1.139,0.612,10501.8,,0.845,0.871,,2007.212,,,,,229.6449,5.6,1,0,3,0,0.42,0.93,0.48,0.65,0.92,0.48,0,0,0,0.437190922,,,120,16,0.1333
Botswana,2010,BW,BWA,Southern Africa,FS,-24.45,25.57,8.593,13.755,227.174,6.95,39.941,19.535,-0.825,0.681,13078.9,0.033,0.845,0.871,8.9,2047.831,,,,,108.96068,5.8,1,0,3,0,0.44,0.96,0.46,0.67,1,0.46,0,0,0,0.37089175,,,37,9,0.2432
Botswana,2011,BW,BWA,Southern Africa,FS,-24.45,25.57,6.183,15.334,246.402,8.464,36.438,20.068,-0.089,0.688,14238.2,0.029,0.845,0.871,8.9,2089.706,,,,,96.82082,6.1,1,0,3,0,0.4,1.05,0.48,0.66,0.98,0.5,0,0,0,0.49051385,,,42,14,0.3333
Botswana,2012,BW,BWA,Southern Africa,FS,-24.45,25.57,4.257,14.552,264.963,7.533,35.696,19.192,-0.509,0.691,14925.8,0.023,0.845,0.871,8.9,2132.822,,,,,80.8272,5.9,1,0,3,0,0.5,1.08,0.45,0.65,0.92,0.69,0,0,0,0.394801356,,,351,28,0.0798
Botswana,2013,BW,BWA,Southern Africa,FS,-24.45,25.57,5.886,14.799,280.265,5.775,32.448,17.628,1.536,0.696,16034.6,0.016,0.845,0.871,8.9,2176.51,,,,,96.12649,5.8,1,0,3,0,0.47,1.08,0.37,0.59,0.91,0.65,0,0,0,0.376717566,175089,100254,156,2,0.0128
Botswana,2014,BW,BWA,Southern Africa,FS,-24.45,25.57,4.942,15.789,291.267,3.926,35.378,14.45,2.703,0.698,16646.2,,0.845,0.871,,2219.937,,,,,68.05605,5.7,1,0,3,0,0.44,1.02,0.32,0.63,0.8,0.64,0,0,0,0.393137135,,,239,23,0.0962
Botswana,2015,BW,BWA,Southern Africa,FS,-24.45,25.57,4.157,15.768,301.978,3.677,34.43,12.733,2.87,,,,0.845,0.871,,,,,,,,,1,0,3,0,,,,,,,0,0,0,0.415528389,,,197,10,0.0508
Malawi,2013,MW,MWI,Southern Africa,FS,-14,33.48,5.2,3.823,517.567,28.315,49.306,72.86,-0.068,0.439,726.4,0.125,0.748,0.969,4.3,16190.126,10012,0.498,0.507,0.722,656.94868,3.4,0,0,0,1,-0.19,-0.21,-0.53,-0.19,-0.62,-0.7,0,0,0,0.376717566,1902,7538,2,1,0.5
Malawi,2014,MW,MWI,Southern Africa,FS,-14,33.48,5.7,4.263,640.669,23.785,42.42,62.018,-0.216,0.445,747.3,,0.748,0.969,,16695.253,10012,0.498,0.507,0.722,553.946,3,0,0,0,1,-0.12,0.12,-0.69,-0.3,-0.76,-0.69,0,0,0,0.393137135,,,2,1,0.5
Malawi,2015,MW,MWI,Southern Africa,FS,-14,33.48,5.494,4.943,751.563,17.309,40.892,54.458,-0.168,,,,0.748,0.969,,,10012,0.498,0.507,0.722,,,0,0,0,1,,,,,,,0,0,0,0.415528389,,,1,1,1
Mozambique,2002,MZ,MOZ,Southern Africa,FS,-25.58,32.32,9.231,4.977,75.938,16.769,22.271,75.763,-0.972,0.3,546.6,,0.561,0.896,,19348.715,17246,0.556,0.547,0.607,1613.12915,2.9,0,1,2,0,-0.22,0.32,-0.36,-0.65,-0.45,-0.31,0,0,0,,17506,415906,1,0,0
Mozambique,2003,MZ,MOZ,Southern Africa,FS,-25.58,32.32,6.872,5.549,86.156,13.455,22.077,74.912,-0.814,0.3,546.6,,0.561,0.896,,19928.496,17246,0.556,0.547,0.607,674.67503,2.7,0,1,2,0,-0.04,0.23,-0.46,-0.68,-0.58,-0.52,0,0,0,0.270989931,,,3,1,0.3333
Mozambique,2004,MZ,MOZ,Southern Africa,FS,-25.58,32.32,8.536,6.749,97.041,12.634,20.896,59.678,-0.662,0.3,546.6,,0.561,0.896,,20523.159,17246,0.556,0.547,0.607,686.52076,2.8,0,1,2,0,-0.06,-0.03,-0.51,-0.65,-0.59,-0.47,0,0,0,0.294688455,,,16,2,0.125
Mozambique,2006,MZ,MOZ,Southern Africa,FS,-25.58,32.32,9.1,8.304,116.957,13.245,23.451,46.582,-0.623,0.358,730.8,,0.561,0.896,,21737.86,17246,0.556,0.547,0.607,918.91889,2.8,0,1,2,0,-0.08,0.49,-0.56,-0.6,-0.6,-0.55,0,0,0,0.35830302,,,3,1,0.3333
Mozambique,2008,MZ,MOZ,Southern Africa,FS,-25.58,32.32,5.776,11.084,139.565,10.326,24.95,37.803,-1.285,0.358,730.8,,0.561,0.896,,22994.867,17246,0.556,0.547,0.607,1320.8725,2.6,0,1,2,0,-0.07,0.34,-0.5,-0.59,-0.47,-0.45,0,0,0,0.361910374,,,16,14,0.875
Mozambique,2010,MZ,MOZ,Southern Africa,FS,-25.58,32.32,7.117,10.468,162.408,12.699,29.988,41.794,-1.113,0.401,903.4,0.027,0.561,0.896,3.2,24321.457,17246,0.556,0.547,0.607,1356.30882,2.7,0,1,2,0,-0.11,0.34,-0.57,-0.57,-0.43,-0.39,0,0,0,0.37089175,,,89,72,0.809
Mozambique,2011,MZ,MOZ,Southern Africa,FS,-25.58,32.32,7.436,13.245,179.219,10.351,31.898,37.496,-3.059,0.405,963,0.028,0.561,0.896,3.2,25016.921,17246,0.556,0.547,0.607,1720.73687,2.7,0,1,2,0,-0.19,0.3,-0.62,-0.6,-0.49,-0.42,0,0,0,0.49051385,,,103,91,0.8835
Mozambique,2012,MZ,MOZ,Southern Africa,FS,-25.58,32.32,7.078,14.867,182.967,2.091,31.377,41.061,-6.284,0.408,1016.6,0.037,0.561,0.896,3.2,25732.928,17246,0.556,0.547,0.607,1491.35048,2.8,0,1,2,0,-0.2,0.34,-0.63,-0.84,-0.58,-0.46,0,0,0,0.394801356,,,144,136,0.9444
Mozambique,2013,MZ,MOZ,Southern Africa,FS,-25.58,32.32,7.444,15.622,190.666,4.208,34.898,46.872,-6.253,0.413,1072.2,0.04,0.561,0.896,3.2,26467.18,17246,0.556,0.547,0.607,1717.87334,2.7,0,1,2,0,-0.29,-0.28,-0.62,-0.84,-0.64,-0.42,1,0,0,0.376717566,25997,342725,104,97,0.9327
Mozambique,2014,MZ,MOZ,Southern Africa,FS,-25.58,32.32,7.373,16.684,195.026,2.287,40.297,55.404,-5.797,0.416,1123.4,,0.561,0.896,,27216.276,17246,0.556,0.547,0.607,1467.23171,2.8,0,1,2,0,-0.23,-0.35,-0.73,-0.84,-0.7,-0.39,0,0,0,0.393137135,,,151,145,0.9603
Mozambique,2015,MZ,MOZ,Southern Africa,FS,-25.58,32.32,6.5,16.921,204.778,5,35.639,61.332,-6.96,,,,0.561,0.896,,,17246,0.556,0.547,0.607,,,0,1,2,0,,,,,,,0,0,0,0.415528389,,,79,75,0.9494
Namibia,2002,NA,NAM,Southern Africa,FS,-22.35,17.04,4.792,3.369,54.459,12.716,29.688,21.784,0.086,0.556,6159.8,,0.888,0.854,,1957.749,1034,0.455,0.287,0.235,66.46746,5.7,1,0,0,0,0.23,0.09,0.13,0.26,-0.04,0.5,0,0,0,,11513,147349,25,0,0
Namibia,2003,NA,NAM,Southern Africa,FS,-22.35,17.04,4.255,4.932,58.389,7.215,30.265,24.945,0.266,0.556,6159.8,,0.888,0.854,,1980.531,1034,0.455,0.287,0.235,100.65307,4.7,1,0,0,0,0.22,0.44,0.24,0.25,0.18,0.22,0,0,0,0.270989931,,,26,2,0.0769
Namibia,2004,NA,NAM,Southern Africa,FS,-22.35,17.04,12.267,6.617,60.804,4.137,28.059,27.49,0.446,0.556,6159.8,,0.888,0.854,,2002.745,1034,0.455,0.287,0.235,114.40721,4.1,1,0,0,0,0.32,0.65,0.1,0,0.12,0.16,0,0,0,0.294688455,,,10,0,0
Namibia,2005,NA,NAM,Southern Africa,FS,-22.35,17.04,2.492,7.258,62.191,2.282,26.81,26.049,0.333,0.569,7178.7,0.005,0.888,0.854,6,2027.026,1034,0.455,0.287,0.235,75.48171,4.3,1,0,0,0,0.37,0.6,0.04,-0.07,0.18,0.12,0,0,0,0.286844448,,,29,1,0.0345
Namibia,2006,NA,NAM,Southern Africa,FS,-22.35,17.04,7.073,7.978,65.277,4.961,25.548,23.897,1.082,0.569,7178.7,,0.888,0.854,,2053.915,1034,0.455,0.287,0.235,108.00422,4.1,1,0,0,0,0.48,0.79,0.12,0.14,0.17,0.15,0,0,0,0.35830302,,,20,2,0.1
Namibia,2007,NA,NAM,Southern Africa,FS,-22.35,17.04,5.378,8.741,69.551,6.548,24.996,19.389,0.749,0.569,7178.7,,0.888,0.854,,2083.174,1034,0.455,0.287,0.235,144.5489,4.5,1,0,0,0,0.45,1.02,0.13,0.12,0.26,0,0,0,0,0.356873763,19103,146921,30,0,0
Namibia,2008,NA,NAM,Southern Africa,FS,-22.35,17.04,2.647,8.486,75.876,9.095,27.555,18.243,0.257,0.569,7178.7,,0.888,0.854,,2115.703,1034,0.455,0.287,0.235,155.76603,5.4,1,0,0,0,0.44,1.19,0.2,0.37,0.56,0.17,0,0,0,0.361910374,,,14,0,0
Namibia,2009,NA,NAM,Southern Africa,FS,-22.35,17.04,0.296,8.876,83.048,9.452,31.114,15.947,-0.131,0.569,7178.7,,0.888,0.854,,2152.357,1034,0.455,0.287,0.235,207.4554,4.5,1,0,0,0,0.37,0.9,0.13,0.22,0.25,0.1,0,0,0,0.437190922,,,28,0,0
Namibia,2010,NA,NAM,Southern Africa,FS,-22.35,17.04,6.04,11.268,87.097,4.875,32.395,15.502,-0.39,0.61,8111.7,0.011,0.888,0.854,6.2,2193.643,1034,0.455,0.287,0.235,216.65686,4.4,1,0,0,0,0.35,0.81,0.11,0.19,0.32,0.14,0,0,0,0.37089175,,,17,2,0.1176
Namibia,2011,NA,NAM,Southern Africa,FS,-22.35,17.04,5.121,12.426,91.456,5.006,36.642,23.234,-0.377,0.616,8479.6,0.011,0.888,0.854,6.2,2240.161,1034,0.455,0.287,0.235,251.6595,4.4,1,0,0,0,0.35,0.89,0.09,0.17,0.29,0.08,0,0,0,0.49051385,,,56,17,0.3036
Namibia,2012,NA,NAM,Southern Africa,FS,-22.35,17.04,5.154,13.038,97.604,6.722,33.457,23.984,-0.751,0.62,8618.7,0.011,0.888,0.854,6.2,2291.645,1034,0.455,0.287,0.235,219.40733,4.4,1,0,0,0,0.37,0.94,0.13,0.24,0.29,0.06,0,0,0,0.394801356,,,24,6,0.25
Namibia,2013,NA,NAM,Southern Africa,FS,-22.35,17.04,5.125,13.119,103.071,5.601,34.69,23.709,-0.538,0.625,9211.7,0.011,0.888,0.854,6.2,2346.592,1034,0.455,0.287,0.235,229.69645,4.4,1,0,0,0,0.39,0.93,0.2,0.26,0.28,0.08,0,0,0,0.376717566,19446,146910,73,30,0.411
Namibia,2014,NA,NAM,Southern Africa,FS,-22.35,17.04,5.3,13.353,108.583,5.348,38.416,25.19,-0.883,0.628,9417.8,,0.888,0.854,,2402.858,1034,0.455,0.287,0.235,215.4259,4.5,1,0,0,0,0.54,0.62,0.1,0.14,0.23,0.03,0,0,0,0.393137135,,,85,27,0.3176
Namibia,2015,NA,NAM,Southern Africa,FS,-22.35,17.04,5.6,12.571,114.139,5.117,38.087,26.312,-1.24,,,,0.888,0.854,,,1034,0.455,0.287,0.235,,,1,0,0,0,,,,,,,0,0,0,0.415528389,,,100,31,0.31
South Africa,2002,ZA,ZAF,Southern Africa,FS,-25.44,29.12,3.668,115.748,57.175,9.165,24.83,35.547,1.044,0.632,9719.3,,0.887,0.851,,46272.223,5400,0.396,0.538,0.094,332.0076,4.8,1,0,3,1,0.63,-0.32,0.64,0.05,0.39,0.63,0,0,0,,14926,29356,1,0,0
South Africa,2003,ZA,ZAF,Southern Africa,FS,-25.44,29.12,2.949,175.254,60.533,5.874,25.428,35.428,-1.447,0.632,9719.3,,0.887,0.851,,46971.25,5400,0.396,0.538,0.094,406.22129,4.4,1,0,3,1,0.7,-0.33,0.68,0.04,0.34,0.78,0,0,0,0.270989931,,,2,0,0
South Africa,2004,ZA,ZAF,Southern Africa,FS,-25.44,29.12,4.555,228.931,61.392,1.418,25.411,34.393,-6.332,0.632,9719.3,,0.887,0.851,,47667.15,5400,0.396,0.538,0.094,415.33422,4.6,1,0,3,1,0.73,-0.12,0.66,0.09,0.48,0.66,0,0,0,0.294688455,,,18,0,0
South Africa,2005,ZA,ZAF,Southern Africa,FS,-25.44,29.12,5.277,257.667,63.442,3.339,25.773,31.82,-8.063,0.613,10935,0.183,0.887,0.851,8.9,48352.951,5400,0.396,0.538,0.094,428.69676,4.5,1,0,3,1,0.64,-0.15,0.64,0.08,0.58,0.67,0,0,0,0.286844448,,,35,0,0
South Africa,2006,ZA,ZAF,Southern Africa,FS,-25.44,29.12,5.604,271.812,66.4,4.663,27.06,29.757,-12.17,0.613,10935,,0.887,0.851,,49027.805,5400,0.396,0.538,0.094,628.4221,4.6,1,0,3,1,0.65,0.05,0.5,0.24,0.43,0.71,0,0,0,0.35830302,,,51,0,0
South Africa,2007,ZA,ZAF,Southern Africa,FS,-25.44,29.12,5.36,299.033,71.125,7.116,27.175,27.077,-16.098,0.613,10935,,0.887,0.851,,49693.58,5400,0.396,0.538,0.094,792.33617,5.1,1,0,3,1,0.57,0.2,0.49,0.07,0.22,0.53,0,0,0,0.356873763,18485,30455,34,1,0.0294
South Africa,2008,ZA,ZAF,Southern Africa,FS,-25.44,29.12,3.191,287.095,79.33,11.536,28.672,25.938,-15.896,0.613,10935,,0.887,0.851,,50348.811,5400,0.396,0.538,0.094,913.41499,4.9,1,0,3,1,0.55,0.04,0.52,0.03,0.16,0.5,0,0,0,0.361910374,,,18,0,0
South Africa,2009,ZA,ZAF,Southern Africa,FS,-25.44,29.12,-1.538,297.221,84.987,7.13,31.709,30.324,-8.109,0.613,10935,,0.887,0.851,,50992.034,5400,0.396,0.538,0.094,898.7819,4.7,1,0,3,1,0.55,-0.11,0.48,0.09,0.14,0.4,0,0,0,0.437190922,,,35,1,0.0286
South Africa,2010,ZA,ZAF,Southern Africa,FS,-25.44,29.12,3.04,375.304,88.605,4.257,31.513,34.358,-5.633,0.643,11833.1,0.056,0.887,0.851,9.6,51621.594,5400,0.396,0.538,0.094,864.67693,4.5,1,0,3,1,0.58,-0.02,0.39,0.11,0.09,0.36,0,0,0,0.37089175,,,14,0,0
South Africa,2011,ZA,ZAF,Southern Africa,FS,-25.44,29.12,3.212,417.057,93.035,5,30.884,37.636,-9.001,0.651,11976.7,0.066,0.887,0.851,9.7,52237.272,5400,0.396,0.538,0.094,1096.2304,4.1,1,0,3,1,0.57,0.03,0.41,0.12,0.03,0.4,0,0,0,0.49051385,,,20,1,0.05
South Africa,2012,ZA,ZAF,Southern Africa,FS,-25.44,29.12,2.22,397.391,98.295,5.654,31.31,40.496,-19.696,0.659,12040.9,0.052,0.887,0.851,9.9,52837.274,5400,0.396,0.538,0.094,878.38096,3.9,1,0,3,1,0.56,-0.02,0.33,0.08,-0.17,0.37,0,0,0,0.394801356,,,5,0,0
South Africa,2013,ZA,ZAF,Southern Africa,FS,-25.44,29.12,2.212,366.236,103.949,5.752,31.693,43.289,-21.116,0.663,12134.3,0.048,0.887,0.851,9.9,53416.609,5400,0.396,0.538,0.094,1171.69351,3.8,1,0,3,1,0.58,-0.04,0.38,0.12,-0.13,0.41,0,0,0,0.376717566,25027,30651,17,0,0
South Africa,2014,ZA,ZAF,Southern Africa,FS,-25.44,29.12,1.525,350.082,110.256,6.067,32.125,45.866,-19.055,0.666,12122.3,,0.887,0.851,,53969.054,5400,0.396,0.538,0.094,978.24661,4,1,0,3,1,0.65,-0.08,0.33,0.16,-0.11,0.32,0,0,0,0.393137135,,,35,6,0.1714
South Africa,2015,ZA,ZAF,Southern Africa,FS,-25.44,29.12,2.002,323.809,115.222,4.504,32.496,47.505,-14.792,,,,0.887,0.851,,,5400,0.396,0.538,0.094,,,1,0,3,1,,,,,,,0,0,0,0.415528389,,,74,30,0.4054
Zambia,2002,ZM,ZMB,Southern Africa,FS,-15.28,28.16,4.506,4.194,37.465,22.239,27.571,21.737,-0.504,0.433,2115.9,,0.712,0.914,,11139.978,8173,0.486,0.605,0.743,0,2.6,0,0,3,2,-0.37,-0.35,-0.81,-0.39,-0.94,-0.61,0,0,0,,27049,201246,4,1,0.25
Zambia,2003,ZM,ZMB,Southern Africa,FS,-15.28,28.16,6.945,4.902,45.483,21.4,27.313,23.921,-0.621,0.433,2115.9,,0.712,0.914,,11426.006,8173,0.486,0.605,0.743,0,2.5,0,0,3,2,-0.38,0.17,-0.82,-0.47,-0.76,-0.54,0,0,0,0.270989931,,,8,5,0.625
Zambia,2004,ZM,ZMB,Southern Africa,FS,-15.28,28.16,7.032,6.221,53.655,17.969,23.273,19.262,-0.565,0.433,2115.9,,0.712,0.914,,11725.635,8173,0.486,0.605,0.743,0,2.6,0,0,3,2,-0.41,0.15,-0.82,-0.52,-0.68,-0.51,0,0,0,0.294688455,,,23,15,0.6522
Zambia,2005,ZM,ZMB,Southern Africa,FS,-15.28,28.16,7.236,8.332,63.488,18.325,22.451,16.718,-0.609,0.49,2435.8,0.051,0.712,0.914,6.3,12043.591,8173,0.486,0.605,0.743,0,2.6,0,0,3,2,-0.42,0.07,-0.94,-0.58,-0.79,-0.7,0,0,0,0.286844448,,,4,1,0.25
Zambia,2006,ZM,ZMB,Southern Africa,FS,-15.28,28.16,7.904,12.757,69.213,9.017,19.692,24.999,-0.046,0.49,2435.8,,0.712,0.914,,12381.509,8173,0.486,0.605,0.743,0,2.6,0,0,3,2,-0.22,0.36,-0.81,-0.59,-0.73,-0.62,0,0,0,0.35830302,,,35,27,0.7714
Zambia,2007,ZM,ZMB,Southern Africa,FS,-15.28,28.16,8.352,14.057,76.587,10.655,19.923,21.932,-0.754,0.49,2435.8,,0.712,0.914,,12738.676,8173,0.486,0.605,0.743,0,2.6,0,0,3,2,-0.22,0.34,-0.71,-0.57,-0.57,-0.49,0,0,0,0.356873763,28418,201247,11,0,0
Zambia,2008,ZM,ZMB,Southern Africa,FS,-15.28,28.16,7.774,17.911,86.122,12.449,19.457,19.196,-1.038,0.49,2435.8,,0.712,0.914,,13114.579,8173,0.486,0.605,0.743,0,2.8,0,0,3,2,-0.18,0.46,-0.73,-0.44,-0.47,-0.45,0,0,0,0.361910374,,,8,7,0.875
Zambia,2009,ZM,ZMB,Southern Africa,FS,-15.28,28.16,9.22,15.328,97.655,13.392,17.807,20.522,0.582,0.49,2435.8,,0.712,0.914,,13507.849,8173,0.486,0.605,0.743,0,3,0,0,3,2,-0.32,0.53,-0.79,-0.49,-0.51,-0.5,0,0,0,0.437190922,,,14,6,0.4286
Zambia,2010,ZM,ZMB,Southern Africa,FS,-15.28,28.16,10.298,20.265,105.956,8.5,18.066,18.892,1.206,0.555,3221.3,0.127,0.712,0.914,7.5,13917.439,8173,0.486,0.605,0.743,0,3,0,0,3,2,-0.26,0.46,-0.83,-0.5,-0.57,-0.48,0,0,0,0.37089175,,,49,26,0.5306
Zambia,2011,ZM,ZMB,Southern Africa,FS,-15.28,28.16,6.366,23.732,115.13,8.658,19.303,20.565,0.705,0.565,3384.2,0.122,0.712,0.914,7.5,14343.526,8173,0.486,0.605,0.743,0,3.2,0,0,3,2,-0.18,0.47,-0.64,-0.47,-0.47,-0.42,0,0,0,0.49051385,,,22,14,0.6364
Zambia,2012,ZM,ZMB,Southern Africa,FS,-15.28,28.16,6.761,24.94,122.7,6.575,22.345,25.474,0.799,0.576,3630.4,0.104,0.712,0.914,7.5,14786.581,8173,0.486,0.605,0.743,0,3.4,0,0,3,2,-0.14,0.61,-0.5,-0.4,-0.36,-0.43,0,0,0,0.394801356,,,34,14,0.4118
Zambia,2013,ZM,ZMB,Southern Africa,FS,-15.28,28.16,6.693,26.831,131.263,6.978,25.083,28.823,-0.002,0.58,3639.5,0.105,0.712,0.914,7.5,15246.086,8173,0.486,0.605,0.743,0,3.5,0,0,3,2,-0.11,0.38,-0.52,-0.31,-0.38,-0.48,0,0,0,0.376717566,15113,201246,21,15,0.7143
Zambia,2014,ZM,ZMB,Southern Africa,FS,-15.28,28.16,5.418,26.758,141.69,7.944,24.645,31.058,-0.061,0.586,3734,,0.712,0.914,,15721.343,8173,0.486,0.605,0.743,0,3.5,0,0,3,2,-0.14,0.21,-0.47,-0.25,-0.41,-0.52,0,0,0,0.393137135,,,77,41,0.5325
Zambia,2015,ZM,ZMB,Southern Africa,FS,-15.28,28.16,6.738,28.445,152.6,7.7,23.149,32.422,0.078,,,,0.712,0.914,,,8173,0.486,0.605,0.743,,,0,0,3,2,,,,,,,0,0,0,0.415528389,,,83,46,0.5542
Zimbabwe,2002,ZW,ZWE,Southern Africa,FS,-17.43,31.02,-7.857,9.288,41.17,-34.445,19.941,55.074,-0.071,0.428,2362.9,,0.922,,,12691.431,4222,0.441,0.723,0.46,155.39127,2.7,1,0,3,1,-1.41,-1.6,-0.9,-1.59,-1.21,-1.97,0,0,0,,95967,113602,22,9,0.4091
Zimbabwe,2003,ZW,ZWE,Southern Africa,FS,-17.43,31.02,-16.504,8.189,37.644,-8.565,19.941,55.074,-0.375,0.428,2362.9,,0.922,,,12774.162,4222,0.441,0.723,0.46,158.23546,2.3,1,0,3,1,-1.44,-1.14,-0.95,-1.68,-1.25,-2,0,0,0,0.270989931,,,17,5,0.2941
Zimbabwe,2004,ZW,ZWE,Southern Africa,FS,-17.43,31.02,-6.471,8.135,80.396,113.569,19.941,55.074,-0.492,0.428,2362.9,,0.922,,,12867.828,4222,0.441,0.723,0.46,152.10086,2.3,1,0,3,1,-1.55,-1.26,-0.95,-1.76,-1.31,-2.03,0,0,0,0.294688455,,,25,12,0.48
Zimbabwe,2005,ZW,ZWE,Southern Africa,FS,-17.43,31.02,-7.663,7.753,55.053,-31.522,18.54,38.576,-0.626,0.411,1600.3,0.033,0.922,,6.8,12984.418,4222,0.441,0.723,0.46,174.1349,2.6,1,0,3,1,-1.66,-1.24,-1.29,-1.77,-1.28,-2.21,0,0,0,0.286844448,,,26,5,0.1923
Zimbabwe,2006,ZW,ZWE,Southern Africa,FS,-17.43,31.02,-3.581,7.176,73.207,32.974,9.724,44.742,-0.463,0.411,1600.3,,0.922,,,13127.942,4222,0.441,0.723,0.46,191.20889,2.4,1,0,3,1,-1.54,-0.91,-1.3,-1.73,-1.33,-1.96,0,0,0,0.35830302,,,20,4,0.2
Zimbabwe,2007,ZW,ZWE,Southern Africa,FS,-17.43,31.02,-3.373,6.939,19.964,-72.729,5.869,50.112,-0.374,0.411,1600.3,,0.922,,,13297.798,4222,0.441,0.723,0.46,360.79713,2.1,1,0,3,1,-1.57,-1.11,-1.27,-1.78,-1.36,-2.16,0,0,0,0.356873763,98816,76931,24,16,0.6667
Zimbabwe,2008,ZW,ZWE,Southern Africa,FS,-17.43,31.02,-16.579,5.944,51.3,156.964,4.273,68.913,-0.984,0.411,1600.3,,0.922,,,13495.462,4222,0.441,0.723,0.46,524.68421,1.8,1,0,3,1,-1.54,-1.2,-1.5,-1.77,-1.31,-2.11,0,0,0,0.361910374,,,33,19,0.5758
Zimbabwe,2009,ZW,ZWE,Southern Africa,FS,-17.43,31.02,7.535,8.157,54.489,6.216,14.024,68.294,-3.839,0.411,1600.3,,0.922,,,13720.997,4222,0.441,0.723,0.46,617.55353,2.2,1,0,3,1,-1.54,-1.16,-1.52,-1.84,-1.32,-2.1,0,0,0,0.437190922,,,78,55,0.7051
Zimbabwe,2010,ZW,ZWE,Southern Africa,FS,-17.43,31.02,11.376,9.445,56.148,3.045,22.573,63.192,-1.507,0.461,1441.8,0.045,0.922,,7.3,13973.897,4222,0.441,0.723,0.46,506.32424,2.4,1,0,3,1,-1.48,-1.12,-1.5,-1.81,-1.31,-2.05,0,0,0,0.37089175,,,48,23,0.4792
Zimbabwe,2011,ZW,ZWE,Southern Africa,FS,-17.43,31.02,11.905,10.956,58.097,3.47,27.932,51.761,-3.383,0.474,1491.3,0.072,0.922,,7.3,14255.592,4222,0.441,0.723,0.46,548.25348,2.2,1,0,3,1,-1.47,-0.96,-1.36,-1.78,-1.38,-1.92,0,0,0,0.49051385,,,67,47,0.7015
Zimbabwe,2012,ZW,ZWE,Southern Africa,FS,-17.43,31.02,10.565,12.472,60.258,3.72,28.596,56.73,-3.062,0.491,1605.1,0.067,0.922,,7.3,14565.482,4222,0.441,0.723,0.46,674.06825,1.8,1,0,3,1,-1.45,-0.79,-1.2,-1.61,-1.27,-1.83,0,0,0,0.394801356,,,95,48,0.5053
Zimbabwe,2013,ZW,ZWE,Southern Africa,FS,-17.43,31.02,4.484,13.49,61.241,1.632,29.679,54.23,-3.432,0.501,1623.8,0.056,0.922,,7.3,14898.092,4222,0.441,0.723,0.46,562.09568,1.9,1,0,3,1,-1.38,-0.68,-1.18,-1.56,-1.36,-1.79,0,0,0,0.376717566,81902,76930,127,44,0.3465
Zimbabwe,2014,ZW,ZWE,Southern Africa,FS,-17.43,31.02,3.169,13.672,61.11,-0.214,29.042,54.021,-3.044,0.509,1615.5,,0.922,,,15245.855,4222,0.441,0.723,0.46,540.07988,1.9,1,0,3,1,-1.28,-0.65,-1.18,-1.42,-1.39,-1.89,0,0,0,0.393137135,,,79,19,0.2405
Zimbabwe,2015,ZW,ZWE,Southern Africa,FS,-17.43,31.02,2.824,13.966,60.47,-1.048,29.096,55.243,-3.021,,,,0.922,,,,4222,0.441,0.723,0.46,,,1,0,3,1,,,,,,,0,0,0,0.415528389,,,84,32,0.381
Benin,2002,BJ,BEN,Western Africa,FW,6.23,2.42,4.442,2.817,81.678,2.422,22.728,45.753,-0.206,0.392,1517.3,,0.424,0.891,,7414.744,6455,0.533,0.362,0.518,111.67547,3,0,0,0,1,0,0.74,-0.72,-0.34,-0.79,-0.44,0,0,0,,2109,17314,2,0,0
Benin,2003,BJ,BEN,Western Africa,FW,6.23,2.42,3.951,3.565,82.909,1.507,20.53,35.073,-0.301,0.392,1517.3,,0.424,0.891,,7665.681,6455,0.533,0.362,0.518,187.08322,3,0,0,0,1,0.24,0.67,-0.62,-0.52,-0.57,-0.5,0,0,0,0.262675076,,,3,1,0.3333
Benin,2005,BJ,BEN,Western Africa,FW,6.23,2.42,2.865,4.366,88.128,5.364,21.299,40.641,-0.284,0.433,1577.5,0.008,0.424,0.891,2.9,8182.362,6455,0.533,0.362,0.518,206.7693,2.9,0,0,0,1,0.01,0.45,-0.62,-0.59,-0.97,-0.57,0,0,0,0.347693501,,,6,1,0.1667
Benin,2008,BJ,BEN,Western Africa,FW,6.23,2.42,5.018,6.665,99.507,7.403,21.381,26.902,-0.539,0.433,1577.5,,0.424,0.891,,8973.525,6455,0.533,0.362,0.518,306.5506,3.1,0,0,0,1,0.3,0.33,-0.45,-0.57,-0.53,-0.49,0,0,0,0.84994594,,,1,0,0
Benin,2009,BJ,BEN,Western Africa,FW,6.23,2.42,2.658,6.602,100.402,0.899,25.038,27.298,-0.59,0.433,1577.5,,0.424,0.891,,9240.982,6455,0.533,0.362,0.518,330.23966,2.9,0,0,0,1,0.33,0.38,-0.56,-0.67,-0.67,-0.33,0,0,0,0.784893669,,,9,7,0.7778
Benin,2010,BJ,BEN,Western Africa,FW,6.23,2.42,2.552,6.57,102.59,2.179,20.447,30.225,-0.574,0.468,1624.1,0.014,0.424,0.891,3.3,9509.798,6455,0.533,0.362,0.518,347.58246,2.8,0,0,0,1,0.29,0.22,-0.58,-0.7,-0.74,-0.32,0,0,0,0.297348235,,,6,0,0
Benin,2011,BJ,BEN,Western Africa,FW,6.23,2.42,3.325,7.304,105.397,2.736,21.554,31.86,-0.57,0.473,1639.8,0.015,0.424,0.891,3.3,9779.391,6455,0.533,0.362,0.518,434.93407,3,0,0,0,1,0.14,0.29,-0.52,-0.71,-0.64,-0.33,0,0,0,0.785396299,,,13,9,0.6923
Benin,2012,BJ,BEN,Western Africa,FW,6.23,2.42,5.392,7.547,112.504,6.743,21.028,29.171,-0.631,0.475,1675.1,0.019,0.424,0.891,3.3,10049.792,6455,0.533,0.362,0.518,268.66219,3.3,0,0,0,1,0.09,0.32,-0.53,-0.64,-0.93,-0.39,0,0,0,0.847092582,,,23,19,0.8261
Benin,2013,BJ,BEN,Western Africa,FW,6.23,2.42,5.645,8.31,113.593,0.969,22.436,29.817,-1.321,0.477,1721.6,0.019,0.424,0.891,3.3,10322.232,6455,0.533,0.362,0.518,259.50153,3.3,0,0,0,1,0.12,0.26,-0.54,-0.63,-0.83,-0.42,0,0,0,0.60308799,3080,13672,11,10,0.9091
Benin,2014,BJ,BEN,Western Africa,FW,6.23,2.42,5.475,8.701,112.462,-0.996,21.687,30.867,-0.738,0.48,1766.9,,0.424,0.891,,10598.482,6455,0.533,0.362,0.518,264.58286,3.5,0,0,0,1,0.23,0.05,-0.5,-0.55,-0.78,-0.51,0,0,0,0.888003897,,,40,37,0.925
Benin,2015,BJ,BEN,Western Africa,FW,6.23,2.42,5.5,8.332,113.256,0.706,23.784,32.314,-0.967,,,,0.424,0.891,,,6455,0.533,0.362,0.518,,,0,0,0,1,,,,,,,0,0,0,0.793357019,,,25,21,0.84
Burkina Faso,2002,BF,BFA,Western Africa,FW,12.15,-1.3,4.353,3.218,81.837,2.3,21.887,48.669,-0.299,0.324,1037.6,,0.287,0.631,,12290.984,12875,0.613,0.467,0.445,183.29767,3.3,0,0,0,1,-0.48,-0.37,-0.72,-0.68,-0.02,-0.14,0,0,0,,3923,18834,2,0,0
Burkina Faso,2004,BF,BFA,Western Africa,FW,12.15,-1.3,4.478,4.843,83.173,-0.4,22.791,45.836,-0.531,0.324,1037.6,,0.287,0.631,,13028.039,12875,0.613,0.467,0.445,300.4381,3.3,0,0,0,1,-0.45,-0.11,-0.53,-0.56,-0.15,-0.34,0,0,0,0.368732008,,,3,0,0
Burkina Faso,2006,BF,BFA,Western Africa,FW,12.15,-1.3,6.252,5.82,90.571,2.336,24.612,22.599,-0.543,0.324,1229.7,,0.287,0.631,,13834.195,12875,0.613,0.467,0.445,386.44474,3.2,0,0,0,1,-0.37,0.15,-0.74,-0.42,-0.33,-0.31,0,0,0,0.176024153,,,1,0,0
Burkina Faso,2008,BF,BFA,Western Africa,FW,12.15,-1.3,5.8,8.409,100,10.668,20.909,25.163,-0.963,0.324,1229.7,,0.287,0.631,,14709.011,12875,0.613,0.467,0.445,483.77872,3.5,0,0,0,1,-0.32,0.1,-0.47,-0.2,-0.33,-0.17,0,0,0,0.84994594,,,10,10,1
Burkina Faso,2009,BF,BFA,Western Africa,FW,12.15,-1.3,2.962,8.391,100.864,0.864,24.203,28.494,-0.38,0.324,1229.7,,0.287,0.631,,15165.856,12875,0.613,0.467,0.445,456.79886,3.6,0,0,0,1,-0.32,0.01,-0.58,-0.18,-0.38,-0.09,0,0,0,0.784893669,,,10,9,0.9
Burkina Faso,2010,BF,BFA,Western Africa,FW,12.15,-1.3,8.446,9.123,100.25,-0.608,22.833,29.338,-0.181,0.378,1470.7,0.087,0.287,0.631,1.4,15632.066,12875,0.613,0.467,0.445,472.13302,3.1,0,0,0,1,-0.28,-0.15,-0.56,-0.37,-0.39,-0.14,0,0,0,0.297348235,,,1,1,1
Burkina Faso,2011,BF,BFA,Western Africa,FW,12.15,-1.3,6.627,10.734,103.027,2.769,22.07,29.804,-0.16,0.385,1434.8,0.121,0.287,0.631,1.4,16106.851,12875,0.613,0.467,0.445,481.69869,3,0,0,0,1,-0.31,-0.58,-0.54,-0.43,-0.39,-0.16,0,0,0,0.785396299,,,10,8,0.8
Burkina Faso,2012,BF,BFA,Western Africa,FW,12.15,-1.3,6.453,11.172,106.959,3.817,25.501,28.354,-0.502,0.393,1471.3,0.154,0.287,0.631,1.4,16590.813,12875,0.613,0.467,0.445,538.98792,3.5,0,0,0,1,-0.34,-0.59,-0.63,-0.52,-0.52,-0.12,0,0,0,0.847092582,,,20,18,0.9
Burkina Faso,2013,BF,BFA,Western Africa,FW,12.15,-1.3,6.616,12.202,107.52,0.525,27.834,28.769,-0.807,0.396,1443.8,0.139,0.287,0.631,1.4,17084.554,12875,0.613,0.467,0.445,542.99584,3.5,0,0,0,1,-0.29,-0.8,-0.68,-0.53,-0.58,-0.18,0,0,0,0.60308799,8389,19874,4,3,0.75
Burkina Faso,2014,BF,BFA,Western Africa,FW,12.15,-1.3,4.024,12.503,107.243,-0.258,23.348,28.321,-0.767,0.402,1590.7,,0.287,0.631,,17589.198,12875,0.613,0.467,0.445,582.75641,3.5,0,0,0,1,-0.41,-0.79,-0.56,-0.44,-0.53,-0.33,0,0,0,0.888003897,,,16,15,0.9375
Burkina Faso,2015,BF,BFA,Western Africa,FW,12.15,-1.3,4.977,11.323,108.031,0.735,24.692,30.571,-0.914,,,,0.287,0.631,,,12875,0.613,0.467,0.445,,,0,0,0,1,,,,,,,0,0,0,0.793357019,,,14,9,0.6429
Cote d'Ivoire,2004,CI,CIV,Western Africa,FW,6.49,-5.17,1.232,16.576,112.737,1.459,18.672,78.4,0.241,0.398,2901.3,,0.562,0.615,,17802.516,11772,0.517,0.427,0.35,0,2,0,1,0,0,-1.3,-2.16,-1.27,-1.42,-1.22,-0.96,1,1,172,0.368732008,,,2,2,1
Cote d'Ivoire,2007,CI,CIV,Western Africa,FW,6.49,-5.17,1.765,20.373,122.278,1.896,19.653,73.997,-0.139,0.415,2655.5,,0.562,0.615,,18862.172,11772,0.517,0.427,0.35,0,2.1,0,1,0,0,-1.28,-1.89,-1.21,-1.49,-1.07,-0.84,0,0,0,0.838788556,459,33985,8,8,1
Cote d'Ivoire,2008,CI,CIV,Western Africa,FW,6.49,-5.17,2.543,24.339,130,6.315,20.275,70.828,0.452,0.415,2655.5,,0.562,0.615,,19261.647,11772,0.517,0.427,0.35,0,2,0,1,0,0,-1.24,-1.82,-1.21,-1.45,-1.09,-0.89,0,0,0,0.84994594,,,1,1,1
Cote d'Ivoire,2009,CI,CIV,Western Africa,FW,6.49,-5.17,3.251,24.341,131.311,1.009,19.885,64.242,1.618,0.415,2655.5,,0.562,0.615,,19684.909,11772,0.517,0.427,0.35,0,2.1,0,1,0,0,-1.11,-1.28,-1.08,-1.26,-1.08,-0.95,0,0,0,0.784893669,,,2,2,1
Cote d'Ivoire,2013,CI,CIV,Western Africa,FW,6.49,-5.17,8.7,31.072,145.089,2.584,22.062,39.924,-1.528,0.458,2979.5,0.054,0.562,0.615,4.3,21622.49,11772,0.517,0.427,0.35,0,2.5,0,1,0,0,-0.77,-1.2,-0.98,-0.93,-0.78,-0.74,0,0,0,0.60308799,461,33986,7,1,0.1429
Cote d'Ivoire,2014,CI,CIV,Western Africa,FW,6.49,-5.17,7.479,33.956,145.74,0.449,23.07,36.414,-1.113,0.462,3171.3,,0.562,0.615,,22157.107,11772,0.517,0.427,0.35,0,2.9,0,1,0,0,-0.52,-1.01,-0.78,-0.61,-0.41,-0.62,0,0,0,0.888003897,,,1,0,0
Cote d'Ivoire,2015,CI,CIV,Western Africa,FW,6.49,-5.17,7.748,31.753,147.438,1.165,22.735,34.747,-0.715,,,,0.562,0.615,,,11772,0.517,0.427,0.35,,,0,1,0,0,,,,,,,0,0,0,0.793357019,,,1,0,0
Ghana,2002,GH,GHA,Western Africa,FW,5.35,-0.06,4.654,9.482,30.36,14.846,17.111,86.66,-0.076,0.485,2233,,0.673,0.84,,19788.181,7559,0.473,0.242,0.286,358.35736,3.9,0,0,0,1,-0.06,-0.24,-0.13,-0.03,-0.29,-0.47,0,1,36,,2058,31519,3,1,0.3333
Ghana,2003,GH,GHA,Western Africa,FW,5.35,-0.06,5.112,11.186,38.443,26.626,20.366,82.813,0.014,0.485,2233,,0.673,0.84,,20305.396,7559,0.473,0.242,0.286,442.603,3.3,0,0,0,1,0.28,-0.02,-0.19,0,-0.24,-0.28,0,0,0,0.262675076,,,8,1,0.125
Ghana,2004,GH,GHA,Western Africa,FW,5.35,-0.06,5.315,14.557,43.312,12.666,20.543,57.333,-0.685,0.485,2233,,0.673,0.84,,20840.493,7559,0.473,0.242,0.286,1795.40503,3.6,0,0,0,1,0.15,0.01,-0.16,-0.15,-0.22,-0.35,0,0,0,0.368732008,,,13,2,0.1538
Ghana,2005,GH,GHA,Western Africa,FW,5.35,-0.06,6.023,17.409,49.85,15.095,19.527,48.034,-1.219,0.511,2580.4,0.114,0.673,0.84,6.4,21389.514,7559,0.473,0.242,0.286,955.07673,3.5,0,0,0,1,0.24,0.18,-0.16,-0.14,-0.36,-0.11,0,0,0,0.347693501,,,3,3,1
Ghana,2007,GH,GHA,Western Africa,FW,5.35,-0.06,4.494,24.758,61.647,10.729,22.887,31.006,-2.158,0.511,2580.4,,0.673,0.84,,22528.041,7559,0.473,0.242,0.286,678.10012,3.7,0,0,0,1,0.46,-0.06,0.08,-0.01,0.05,-0.06,0,0,0,0.838788556,1417,23301,6,4,0.6667
Ghana,2008,GH,GHA,Western Africa,FW,5.35,-0.06,9.316,28.528,71.822,16.505,24.392,33.395,-3.4,0.511,2580.4,,0.673,0.84,,23115.919,7559,0.473,0.242,0.286,725.0065,3.9,0,0,0,1,0.38,-0.01,0.02,-0.11,-0.04,-0.04,0,1,55,0.84994594,,,3,3,1
Ghana,2009,GH,GHA,Western Africa,FW,5.35,-0.06,5.785,25.978,81.259,13.139,23.45,36.227,-1.397,0.511,2580.4,,0.673,0.84,,23713.164,7559,0.473,0.242,0.286,906.89321,3.9,0,0,0,1,0.49,0.04,-0.04,-0.08,0.03,0.09,0,0,0,0.784893669,,,1,1,1
Ghana,2010,GH,GHA,Western Africa,FW,5.35,-0.06,7.897,32.174,86.702,6.698,26.08,46.468,-2.77,0.554,3050.8,0.107,0.673,0.84,7.6,24317.734,7559,0.473,0.242,0.286,919.34805,4.1,0,0,0,1,0.49,0.02,-0.04,-0.06,0.06,0.12,0,0,0,0.297348235,,,2,1,0.5
Ghana,2013,GH,GHA,Western Africa,FW,5.35,-0.06,7.329,48.586,111.621,11.666,27.338,55.089,-5.704,0.577,3774.2,0.126,0.673,0.84,7.8,26164.432,7559,0.473,0.242,0.286,759.44468,4.2,0,0,0,1,0.41,0.23,-0.13,0.1,-0.08,0.07,0,0,0,0.60308799,1332,23715,2,1,0.5
Guinea,2003,GN,GIN,Western Africa,FW,9.29,-13.49,1.2,3.446,193.416,11.036,20.396,112.64,0.013,0.323,1119.8,,0.41,0.768,,9281.572,8456,0.576,0.552,0.409,140.69123,2,0,0,0,2,-1.22,-0.84,-0.76,-1.11,-0.75,-0.98,0,0,0,0.262675076,,,1,1,1
Guinea,2004,GN,GIN,Western Africa,FW,9.29,-13.49,2.34,3.666,227.192,17.463,17.948,119.755,-0.074,0.323,1119.8,,0.41,0.768,,9464.771,8456,0.576,0.552,0.409,185.62891,2,0,0,0,2,-1.28,-1.05,-0.88,-1.24,-0.84,-0.94,0,0,0,0.368732008,,,2,2,1
Guinea,2007,GN,GIN,Western Africa,FW,9.29,-13.49,1.758,4.157,493.898,22.861,13.179,90.282,-0.449,0.358,1094.8,,0.41,0.768,,10152.521,8456,0.576,0.552,0.409,129.46213,1.9,0,0,0,2,-1.39,-2.37,-1.27,-1.47,-1.24,-1.22,0,0,0,0.838788556,293,1524,1,1,1
Guinea,2008,GN,GIN,Western Africa,FW,9.29,-13.49,4.937,4.517,584.611,18.367,15.553,90.158,-0.44,0.358,1094.8,,0.41,0.768,,10427.356,8456,0.576,0.552,0.409,297.07099,1.6,0,0,0,2,-1.45,-2.1,-1.17,-1.54,-1.15,-1.2,0,0,0,0.84994594,,,4,4,1
Guinea,2009,GN,GIN,Western Africa,FW,9.29,-13.49,-0.28,4.635,611.979,4.682,23.677,89.325,-0.365,0.358,1094.8,,0.41,0.768,,10715.77,8456,0.576,0.552,0.409,179.83743,1.8,0,0,0,2,-1.3,-2.09,-1.03,-1.54,-1.05,-1.13,0,0,0,0.784893669,,,11,11,1
Guinea,2012,GN,GIN,Western Africa,FW,9.29,-13.49,3.814,5.632,988.071,15.227,26.123,35.435,-1.616,0.409,1135,0.259,0.41,0.768,2.4,11628.767,8456,0.576,0.552,0.409,160.73995,2.2,0,0,0,2,-1.06,-1.28,-1.28,-1.43,-1.07,-1.02,0,0,0,0.847092582,,,2,0,0
Guinea,2013,GN,GIN,Western Africa,FW,9.29,-13.49,2.305,6.23,1105.528,11.887,25.054,39.455,-1.336,0.411,1130.6,0.216,0.41,0.768,2.4,11948.726,8456,0.576,0.552,0.409,414.33713,2.2,0,0,0,2,-1.06,-1.22,-1.23,-1.42,-1.05,-1.01,0,1,98,0.60308799,101,1524,5,4,0.8
Guinea,2014,GN,GIN,Western Africa,FW,9.29,-13.49,0.398,6.529,1212.995,9.721,30.07,37.444,-1.205,0.411,1095.8,,0.41,0.768,,12275.527,8456,0.576,0.552,0.409,215.8068,2.3,0,0,0,2,-0.89,-0.93,-1.21,-1.38,-1.07,-1.1,0,0,0,0.888003897,,,2,2,1
Guinea,2015,GN,GIN,Western Africa,FW,9.29,-13.49,-0.266,7.155,1323.363,9.099,33.559,35.396,-1.198,,,,0.41,0.768,,,8456,0.576,0.552,0.409,,,0,0,0,2,,,,,,,0,0,0,0.793357019,,,1,1,1
Liberia,2007,LR,LBR,Western Africa,FW,6.18,-10.47,12.723,0.942,190.834,11.391,15.679,480.922,-0.058,0.352,372.6,,0.608,0.46,,3522.337,3010,0.508,0.638,0.838,228.58915,2.1,0,0,0,1,-0.2,-1.25,-1.25,-1.01,-0.33,-1.2,0,0,0,0.838788556,0,15977,1,1,1
Liberia,2008,LR,LBR,Western Africa,FW,6.18,-10.47,5.967,1.084,224.212,17.49,21.276,308.06,-0.506,0.352,372.6,,0.608,0.46,,3672.782,3010,0.508,0.638,0.838,1105.05177,2.4,0,0,0,1,-0.24,-1.28,-1.31,-1.19,-0.7,-1.34,0,0,0,0.84994594,,,1,1,1
Liberia,2009,LR,LBR,Western Africa,FW,6.18,-10.47,5.085,1.142,240.864,7.427,23.397,172.419,-0.265,0.352,372.6,,0.608,0.46,,3821.498,3010,0.508,0.638,0.838,354.39419,3.1,0,0,0,1,-0.2,-1.08,-1.24,-1.08,-0.56,-1.19,0,0,0,0.784893669,,,3,3,1
Mali,2002,ML,MLI,Western Africa,FW,12.34,-7.55,4.307,3.2,111.792,4.867,24.32,54.203,-0.149,0.313,1290.2,,0.311,0.628,,11723.017,11998,0.582,0.436,0.506,239.44764,2.9,0,0,0,0,0.27,0.29,-0.6,-0.32,-0.53,-0.46,0,0,0,,350,29838,3,0,0
Mali,2003,ML,MLI,Western Africa,FW,12.34,-7.55,7.616,4.23,110.497,-1.159,23.19,49.19,-0.271,0.313,1290.2,,0.311,0.628,,12088.867,11998,0.582,0.436,0.506,265.91612,3,0,0,0,0,0.38,0.23,-0.6,-0.03,-0.54,-0.51,0,0,0,0.262675076,,,1,0,0
Mali,2004,ML,MLI,Western Africa,FW,12.34,-7.55,2.259,4.989,107.062,-3.109,23.777,46.371,-0.409,0.313,1290.2,,0.311,0.628,,12474.857,11998,0.582,0.436,0.506,405.89577,3.2,0,0,0,0,0.29,0.48,-0.62,-0.17,-0.5,-0.46,0,0,0,0.368732008,,,1,0,0
Mali,2005,ML,MLI,Western Africa,FW,12.34,-7.55,6.135,5.496,113.928,6.414,24.627,53.075,-0.438,0.366,1470.2,0.018,0.311,0.628,1.7,12881.384,11998,0.582,0.436,0.506,386.54724,2.9,0,0,0,0,0.25,0.19,-0.69,-0.14,-0.4,-0.51,0,0,0,0.347693501,,,2,0,0
Mali,2006,ML,MLI,Western Africa,FW,12.34,-7.55,5.252,6.128,115.659,1.519,24.873,20.359,-0.219,0.366,1470.2,,0.311,0.628,,13309.942,11998,0.582,0.436,0.506,410.18725,2.8,0,0,0,0,0.27,0.37,-0.68,-0.28,-0.41,-0.44,0,0,0,0.176024153,,,3,0,0
Mali,2007,ML,MLI,Western Africa,FW,12.34,-7.55,4.298,7.156,117.343,1.456,24.498,21.129,-0.581,0.366,1470.2,,0.311,0.628,,13759.226,11998,0.582,0.436,0.506,573.82868,2.7,0,0,0,0,0.19,0.2,-0.73,-0.18,-0.34,-0.34,1,0,0,0.838788556,498,31878,2,0,0
Mali,2008,ML,MLI,Western Africa,FW,12.34,-7.55,4.979,8.779,128.046,9.121,21.168,22.615,-1.063,0.366,1470.2,,0.311,0.628,,14223.403,11998,0.582,0.436,0.506,542.86129,3.1,0,0,0,0,0.16,0.18,-0.76,-0.32,-0.46,-0.4,1,0,0,0.84994594,,,2,0,0
Mali,2009,ML,MLI,Western Africa,FW,12.34,-7.55,4.457,8.988,130.885,2.217,25.935,24.914,-0.655,0.366,1470.2,,0.311,0.628,,14694.565,11998,0.582,0.436,0.506,595.09409,2.8,0,0,0,0,0.04,-0.08,-0.79,-0.35,-0.64,-0.39,1,0,0,0.784893669,,,4,1,0.25
Mali,2010,ML,MLI,Western Africa,FW,12.34,-7.55,5.819,9.44,132.572,1.289,22.963,28.661,-1.19,0.409,1589.8,0.084,0.311,0.628,2,15167.286,11998,0.582,0.436,0.506,700.88301,2.7,0,0,0,0,0.13,-0.21,-0.84,-0.44,-0.65,-0.48,1,0,0,0.297348235,,,27,0,0
Mali,2013,ML,MLI,Western Africa,FW,12.34,-7.55,1.731,11.07,143.021,-0.601,23.911,31.561,-0.574,0.416,1521.4,0.081,0.311,0.628,2,16592.097,11998,0.582,0.436,0.506,749.05588,2.5,0,0,0,0,-0.31,-1.7,-0.88,-0.75,-0.74,-0.51,1,1,28,0.60308799,344,31884,1,0,0
Mali,2014,ML,MLI,Western Africa,FW,12.34,-7.55,6.827,11.915,144.291,0.888,26.844,31.489,-0.949,0.419,1583,,0.311,0.628,,17086.022,11998,0.582,0.436,0.506,712.57152,2.9,0,0,0,0,-0.2,-1.74,-1.12,-0.65,-0.72,-0.56,1,1,76,0.888003897,,,16,12,0.75
Mali,2015,ML,MLI,Western Africa,FW,12.34,-7.55,5.606,10.968,147.526,2.242,26.505,37.581,-0.612,,,,0.311,0.628,,,11998,0.582,0.436,0.506,,,0,0,0,0,,,,,,,1,1,0,0.793357019,,,18,14,0.7778
Niger,2002,NE,NER,Western Africa,FW,13.27,2.06,5.338,2.074,107.089,2.674,19.321,114.122,-0.165,0.257,751.4,,0.297,0.623,,12075.991,15408,0.66,0.489,0.408,106.13735,2.7,0,0,0,2,-0.28,-0.25,-0.89,-0.78,-1.07,0.71,0,0,0,,564,2683,1,1,1
Niger,2003,NE,NER,Western Africa,FW,13.27,2.06,7.055,2.645,105.169,-1.793,17.935,89.743,-0.219,0.257,751.4,,0.297,0.623,,12526.725,15408,0.66,0.489,0.408,239.27854,2.7,0,0,0,2,-0.17,0.01,-0.75,-0.66,-1.02,0.64,0,0,0,0.262675076,,,4,1,0.25
Niger,2004,NE,NER,Western Africa,FW,13.27,2.06,-0.825,2.901,105.597,0.407,20.68,75.579,-0.231,0.257,751.4,,0.297,0.623,,12996.012,15408,0.66,0.489,0.408,326.64028,2.2,0,0,0,2,-0.18,-0.52,-0.69,-0.73,-0.85,0.58,0,0,0,0.368732008,,,2,2,1
Niger,2009,NE,NER,Western Africa,FW,13.27,2.06,-0.712,5.411,132.31,4.298,23.931,27.737,-1.32,0.289,786.4,,0.297,0.623,,15672.194,15408,0.66,0.489,0.408,259.39511,2.9,0,0,0,2,-0.78,-1.16,-0.66,-0.52,-0.61,0.48,0,0,0,0.784893669,,,3,1,0.3333
Niger,2010,NE,NER,Western Africa,FW,13.27,2.06,8.36,5.729,128.624,-2.786,20.622,23.923,-1.136,0.326,835.1,0.09,0.297,0.623,1.4,16291.99,15408,0.66,0.489,0.408,382.23226,2.6,0,0,0,2,-0.67,-1.18,-0.67,-0.52,-0.67,0.51,0,0,0,0.297348235,,,3,1,0.3333
Niger,2011,NE,NER,Western Africa,FW,13.27,2.06,2.21,6.418,132.41,2.944,19.401,27.122,-1.433,0.333,822.4,0.115,0.297,0.623,1.4,16946.485,15408,0.66,0.489,0.408,305.92174,2.5,0,0,0,2,-0.29,-0.87,-0.63,-0.39,-0.59,0.53,0,0,0,0.785396299,,,6,5,0.8333
Niger,2012,NE,NER,Western Africa,FW,13.27,2.06,11.848,6.69,133.027,0.465,23.411,27.402,-1.022,0.342,874.4,0.159,0.297,0.623,1.4,17635.782,15408,0.66,0.489,0.408,421.99782,3,0,0,0,2,-0.34,-1.16,-0.71,-0.69,-0.63,0.61,0,0,0,0.847092582,,,4,4,1
Niger,2013,NE,NER,Western Africa,FW,13.27,2.06,4.583,7.497,136.076,2.292,27.824,26.694,-1.15,0.345,875.7,0.161,0.297,0.623,1.4,18358.863,15408,0.66,0.489,0.408,343.59077,3.1,0,0,0,2,-0.35,-1.32,-0.72,-0.73,-0.56,0.58,0,0,0,0.60308799,153,2683,6,3,0.5
Niger,2014,NE,NER,Western Africa,FW,13.27,2.06,6.902,8.025,134.8,-0.937,29.202,36.426,-1.448,0.348,908.3,,0.297,0.623,,19113.728,15408,0.66,0.489,0.408,323.70278,3.2,0,0,0,2,-0.25,-1.27,-0.74,-0.69,-0.63,0.66,0,0,0,0.888003897,,,2,0,0
Niger,2015,NE,NER,Western Africa,FW,13.27,2.06,4.616,7.27,136.724,1.427,33.496,46.782,-1.974,,,,0.297,0.623,,,15408,0.66,0.489,0.408,,,0,0,0,2,,,,,,,0,0,0,0.793357019,,,6,4,0.6667
Nigeria,2002,NG,NGA,Western Africa,FW,9.05,7.32,6.898,81.593,43.262,12.883,22.324,49.835,1.083,0.467,2378,,0.613,0.575,,129246.283,88425,0.548,0.46,0.62,199.62527,1.6,0,1,0,1,-0.71,-1.7,-1.06,-1.48,-1.33,-1.23,0,1,473,,818,44067,6,0,0
Nigeria,2003,NG,NGA,Western Africa,FW,9.05,7.32,11.889,95.358,49.333,14.033,25.05,45.31,3.391,0.467,2378,,0.613,0.575,,132581.484,88425,0.548,0.46,0.62,200.0853,1.4,0,1,0,1,-0.64,-1.65,-0.96,-1.52,-1.32,-1.24,0,1,331,0.262675076,,,4,1,0.25
Nigeria,2004,NG,NGA,Western Africa,FW,9.05,7.32,8.791,126.383,56.733,15.001,18.915,36.6,16.84,0.467,2378,,0.613,0.575,,136033.321,88425,0.548,0.46,0.62,248.29203,1.6,0,1,0,1,-0.77,-1.72,-0.91,-1.43,-1.3,-1.32,1,1,1899,0.368732008,,,5,3,0.6
Nigeria,2005,NG,NGA,Western Africa,FW,9.05,7.32,8.677,164.774,66.864,17.856,19.674,19.486,36.529,0.467,3606.4,0.267,0.613,0.575,5.2,139611.303,88425,0.548,0.46,0.62,5941.90312,1.9,0,1,0,1,-0.84,-1.65,-0.88,-1.36,-1.16,-0.77,0,1,162,0.347693501,,,2,0,0
Nigeria,2010,NG,NGA,Western Africa,FW,9.05,7.32,9.969,373.839,108.925,13.72,16.651,9.579,14.459,0.493,4824.8,0.103,0.613,0.575,6,159424.742,88425,0.548,0.46,0.62,860.15476,2.4,0,1,0,1,-0.8,-2.19,-1.15,-1.17,-1,-0.71,0,1,795,0.297348235,,,6,4,0.6667
Nigeria,2011,NG,NGA,Western Africa,FW,9.05,7.32,4.887,418.834,120.733,10.841,17.326,10.178,12.554,0.499,4926.1,0.118,0.613,0.575,6,163770.669,88425,0.548,0.46,0.62,888.33279,2.4,0,1,0,1,-0.75,-1.95,-1.08,-1.22,-1.13,-0.67,1,1,1347,0.785396299,,,4,4,1
Nigeria,2012,NG,NGA,Western Africa,FW,9.05,7.32,4.279,467.119,135.483,12.217,14.086,10.402,20.353,0.505,5018,0.101,0.613,0.575,6,168240.403,88425,0.548,0.46,0.62,933.57323,2.6,0,1,0,1,-0.73,-2.06,-1,-1.18,-1.15,-0.72,1,1,450,0.847092582,,,11,11,1
Nigeria,2013,NG,NGA,Western Africa,FW,9.05,7.32,5.394,521.812,146.967,8.476,13.406,10.478,20.148,0.511,5165.9,0.136,0.613,0.575,6,172816.517,88425,0.548,0.46,0.62,1169.77814,2.4,0,1,0,1,-0.75,-2.08,-1,-1.16,-1.2,-0.67,1,1,797,0.60308799,82,22968,10,6,0.6
Nigeria,2014,NG,NGA,Western Africa,FW,9.05,7.32,6.31,573.652,158.808,8.057,12.083,10.501,12.674,0.514,5341.1,,0.613,0.575,,177475.986,88425,0.548,0.46,0.62,1120.22408,2.6,0,1,0,1,-0.65,-2.11,-1.19,-1.08,-1.27,-0.82,1,1,1260,0.888003897,,,2,1,0.5
Nigeria,2015,NG,NGA,Western Africa,FW,9.05,7.32,4.753,515.431,174.044,9.594,10.58,11.481,3.483,,,,0.613,0.575,,,88425,0.548,0.46,0.62,,,0,1,0,1,,,,,,,1,1,0,0.793357019,,,2,0,0
Senegal,2003,SN,SEN,Western Africa,FW,14.34,-17.29,6.683,6.872,85.098,-0.048,21.774,54.701,-0.437,0.38,1878.2,,0.497,0.755,,10673.32,7556,0.535,0.467,0.341,324.90378,3.2,0,1,0,2,0.26,-0.29,-0.26,-0.08,-0.14,-0.23,1,0,0,0.262675076,,,1,0,0