"","country","year","ISO2","ISO3","region","subregionid","cap.lat","cap.long","Reg.Market","Unreg.Market","Reg.Market.Bordering","Unreg.Market.Bordering","Armed.Conflict","Non.State.Conflict","High.Illegal","NGDP_RPCH","NGDPD","PCPI","PCPIPCH","GGX_NGDP","GGXWDG_NGDP","BCA","GNI","Resource.Depletion","Adult.literacy","Primary.ed.enrollment","Mean.Schooling","Pop.MultiDim.Povert","Deprivation.Intensity","Pop.Below.National.Poverty","PPP.125.day","International.Dev.Aid","Voice.Accountability","Political.Stability","Government.Effectiveness","Rule.Law","Corruption.Control","Reg.Quality","Non.State.Conflict.Deaths","PIKE.regional","Definite.Possible","Elephant.range","Tot.Carcasses","Illegal.Carcasses","Percent.Illegal"
"1","Cameroon",2003,"CM","CMR","Central Africa","FC",3.5,11.35,0,0,0,3,0,0,2,-0.149748468821889,-0.248308215064899,-0.143283975795633,-0.491500819715337,-0.992321526696651,0.277426790305032,0.119616809319391,-0.316565834026695,0.926576285626529,0.287731330133346,0.918752127994126,-0.257595799592033,-0.282189061068652,0.351240219655206,-0.417698778836122,-0.833240347771766,0.362819832971291,-0.770320798201854,0.125524949135334,0.0794937969742481,-0.59810347438262,-0.383593902696189,-0.339504031450497,-0.234032680090493,0.42040745746052,0.0644385777652008,0.697082189073864,-0.294081706860015,-0.20915785468205,0.445995200284973
"3","Cameroon",2005,"CM","CMR","Central Africa","FC",3.5,11.35,0,0,0,3,0,0,2,-0.512293079396347,-0.222023550831988,-0.133382949350019,-0.392803231643125,-1.08575950862153,0.0852812826956384,0.0475092631111871,-0.264094622452398,-0.327264747219226,0.287731330133346,0.918752127994126,-0.0274795500744686,-0.282189061068652,0.351240219655206,-0.417698778836122,-0.833240347771766,-0.135261287562874,-0.631667016062152,0.446552535585384,-0.31159868011831,-0.742597842654521,-0.887139578996859,-0.38178474107517,-0.234032680090493,-0.278812211212862,0.494056703301545,-0.629703751445063,-0.477082569562519,-0.406761477592587,0.90474291556576
"4","Cameroon",2006,"CM","CMR","Central Africa","FC",3.5,11.35,0,0,0,3,0,0,1,-0.318894137769257,-0.210117574699705,-0.111284618067691,-0.181867007098478,-1.09274663274519,-0.700814583851711,0.236149747773517,-0.264094622452398,0.084490552838983,0.287731330133346,0.918752127994126,0.582697367503934,-0.282189061068652,0.351240219655206,-0.417698778836122,-0.833240347771766,1.67355889159804,-0.645532394276123,0.357993201392267,-0.396618783834083,-0.662323193614575,-0.668936452599902,-0.339504031450497,-0.234032680090493,-0.0759995714749679,-1.19105246208887,-0.137010163377722,-0.369435003266928,-0.466042564465749,-1.15148996716897
"5","Cameroon",2007,"CM","CMR","Central Africa","FC",3.5,11.35,0,0,0,3,0,0,1,-0.311576339977962,-0.188197555079959,-0.105966408092969,-0.455656868067689,-0.967688953514934,-0.786885725588686,0.236596234127748,-0.264094622452398,-0.218936486357138,0.287731330133346,0.918752127994126,0.262414145350011,-0.282189061068652,0.351240219655206,-0.417698778836122,-0.833240347771766,1.66962216719323,-0.687128528918033,0.269433867199149,-0.226578576402536,-0.726542912846531,-0.53465760558639,-0.339504031450497,-0.234032680090493,1.04501944851147,-0.507614946024894,0.22395523784674,-0.509376839451196,-0.485802926756802,-1.33852219583173
"7","Cameroon",2009,"CM","CMR","Central Africa","FC",3.5,11.35,0,0,0,3,0,0,1,-0.588607256362712,-0.161965688967368,-0.0651593738638508,-0.316987843006584,-0.744337833223028,-0.827949613020916,0.0140227865439096,-0.264094622452398,-0.241787409006569,0.287731330133346,0.918752127994126,0.068194144850435,-0.282189061068652,0.351240219655206,-0.417698778836122,-0.833240347771766,-0.241441583958205,-0.687128528918033,0.114455032361194,-0.209574555659382,-0.646268263806587,-0.484303037956323,-0.212661902576479,-0.234032680090493,0.471530499365471,-0.391339296883686,0.182126501744712,-0.369435003266928,-0.36724075301048,-0.216889640132986
"8","Cameroon",2010,"CM","CMR","Central Africa","FC",3.5,11.35,0,0,0,3,0,0,1,-0.309067380735232,-0.159985759455348,-0.0585237867845844,-0.444505416443976,-0.723731738349861,-0.796336588093207,0.027863863525051,-0.243302244890374,-0.422337774607754,0.287731330133346,0.918752127994126,0.0169726632812892,-0.282189061068652,0.351240219655206,-0.417698778836122,-0.833240347771766,-0.277246792445081,-0.714859285345973,-0.162292886992298,-0.31159868011831,-0.533883755150664,-0.585012173216457,-0.198568332701588,-0.234032680090493,0.886759815550122,0.58646422880988,-0.375871420884128,-0.46631781293296,-0.426521839883641,0.0635184987917006
"9","Cameroon",2011,"CM","CMR","Central Africa","FC",3.5,11.35,0,0,0,3,0,0,2,-0.126958755700427,-0.134070682064681,-0.043080523204141,-0.324229045359644,-0.384204876273035,-0.758489078110068,0.0120135979498729,-0.233723168891425,-0.399967650516335,0.287731330133346,0.918752127994126,0.150329303348562,-0.282189061068652,0.351240219655206,-0.417698778836122,-0.833240347771766,-0.281540532318217,-0.673263150704063,-0.08480346957332,-0.31159868011831,-0.549938684958653,-0.752860731983347,-0.283129751950933,-0.234032680090493,1.77446918937567,0.398562578266115,1.42602276553098,-0.46631781293296,-0.387001115301534,0.998118825827681
"14","Central Africa Republic",2004,"CF","CAF","Central Africa","FC",4.23,18.35,0,0,0,4,0,0,2,-0.442251300536806,-0.357186738852582,-0.31995130724072,-0.699612975342291,-1.20454061872374,1.23923379749587,0.168730308284732,-0.672148174848586,-1.08063843964988,-0.446795538687525,-0.367618207369197,-1.27119771999808,-0.622749867298955,0.579818686586877,1.17231406563908,0.910623160735695,-0.714637914437923,-1.01989760605332,-0.915047227633795,-1.46787209065283,-1.46506968401403,-1.17248212890057,-0.84687254694657,-0.234032680090493,0.56805145316794,-0.577435407996211,-0.660287459689057,-0.434023543044283,-0.327720028428373,1.15402575106981
"18","Central Africa Republic",2008,"CF","CAF","Central Africa","FC",4.23,18.35,0,0,0,4,0,0,2,-0.563099504061625,-0.350780566920356,-0.26437309091148,0.13355976740083,-0.872829861598806,0.715735322682524,0.129662752289575,-0.669432846218963,-0.678814715204168,-0.446795538687525,-0.367618207369197,-0.417063393538594,-0.622749867298955,0.579818686586877,1.17231406563908,0.910623160735695,-0.608913285494273,-0.617801637848182,-1.37998373214766,-1.19580775876235,-1.16002601766224,-0.585012173216457,-0.889153256571242,-0.234032680090493,1.03436987284179,-0.582573798979124,1.57761951208729,-0.154139870675746,0.00820613051954061,0.664433140507304
"20","Central Africa Republic",2010,"CF","CAF","Central Africa","FC",4.23,18.35,0,0,0,4,1,0,2,-0.355483126725734,-0.350771767233635,-0.248191998749379,-0.429154067455488,-0.613003584864743,-0.338465431230832,0.128546536403999,-0.654749958073592,-0.780259760070446,-0.446795538687525,-0.367618207369197,-0.427549470276286,-0.622749867298955,0.579818686586877,1.17231406563908,0.910623160735695,-0.626639322088351,-0.770320798201854,-1.57924223408218,-1.1788037380192,-0.9192020705424,-0.350024190942811,-0.790498267447006,-0.234032680090493,0.886759815550122,-1.44514114710515,0.408352085996661,-0.390964516526046,-0.327720028428373,0.387109491110789
"23","Central Africa Republic",2013,"CF","CAF","Central Africa","FC",4.23,18.35,0,0,0,4,1,1,2,-8.52925417966567,-0.354652429077195,-0.200537525670023,-0.0310327620842315,-1.0796013653261,0.0636918998181786,0.163372472033967,-0.735003004238018,-0.774667229047591,-0.446795538687525,-0.367618207369197,-0.427549470276286,-0.622749867298955,0.579818686586877,1.17231406563908,0.910623160735695,-0.631585966938622,-1.33880130497463,-1.76743081924255,-1.62090827734122,-1.78616828017381,-0.685721308476591,-0.832778977071679,1.25975403579961,0.934894217556811,-0.512575039422283,-0.133180533290767,-0.0464923043801555,0.383653014049561,1.40330858657385
"24","Central Africa Republic",2014,"CF","CAF","Central Africa","FC",4.23,18.35,0,0,0,4,0,1,2,-0.781378958179119,-0.352531704577654,-0.143206053305161,0.546018653431145,-0.97562348429943,-0.128762027546607,0.149084908698596,-0.736410952416341,0.714817388089053,-0.446795538687525,-0.367618207369197,-0.381275239082763,-0.622749867298955,0.579818686586877,1.17231406563908,0.910623160735695,-0.408614957348037,-1.18628214462096,-2.30985674117539,-1.94398467146116,-1.62561898209392,-0.87035472312017,-1.15693108419417,4.99160014707592,1.15042466435309,-0.489046423835025,0.56405024438401,-0.132610357416628,0.0279664928105943,0.63190579639204
"25","Central Africa Republic",2015,"CF","CAF","Central Africa","FC",4.23,18.35,0,0,0,4,0,1,2,0.194188027368989,-0.352399709276852,-0.120489212254711,-0.163764001215827,-0.346545461504834,-0.119773794675175,0.128769779581114,-1.14325707903351,0.2360724435014,-0.446795538687525,-0.367618207369197,-0.103809379427862,-0.622749867298955,0.579818686586877,1.17231406563908,0.910623160735695,0.389024196432076,-0.68014437970244,-0.982752236784528,-1.07932781532535,-1.0896284515564,-0.326995672144561,-0.691979661000545,-0.234032680090493,1.04717935954299,0.95638958507786,-0.269129840430271,-0.11108084415751,0.0872475796837555,0.746592725212237
"31","Chad",2008,"TD","TCD","Central Africa","FC",12.1,14.59,0,0,0,4,1,0,2,-0.354228647104369,-0.276722403484072,-0.319946437085066,0.0665786456350216,-0.582094442554994,-0.610689925329579,0.260036767724842,-0.405668840169153,-0.369994974252552,-1.52110354410581,-0.714992475146634,-0.815290893211929,-0.282238654895102,1.66175676339678,0.0715359425408645,-0.392320312950277,-0.4100141970026,-1.24174365747684,-1.53496256698562,-1.43386404916652,-1.41690489459006,-1.37390039942084,-0.804591837321897,-0.234032680090493,1.03436987284179,-0.512719749793213,0.215664030153721,0.394862717431767,1.11478641881855,1.30264206469989
"34","Chad",2011,"TD","TCD","Central Africa","FC",12.1,14.59,0,0,0,4,0,0,2,-0.975196059679997,-0.261173357049672,-0.294076170248322,-0.400189258043247,-0.164051253461447,-0.594013228555868,0.0204968386802499,-0.418088954456505,0.176063044837685,-1.52110354410581,-0.714992475146634,-1.44995037745871,-0.282238654895102,1.66175676339678,0.0715359425408645,-0.392320312950277,-0.451785764226981,-1.10308987533714,-0.815417976666538,-1.11078765504658,-1.17608094747022,-1.05498813776375,-0.593188289198533,-0.234032680090493,1.77446918937567,-0.50230463055565,0.294137297175793,-0.455553056303401,-0.387001115301534,0.664433140507304
"36","Chad",2014,"TD","TCD","Central Africa","FC",12.1,14.59,0,0,0,4,0,0,2,0.448638310569171,-0.24551871437463,-0.265890144397859,-0.415395782984673,-0.202184371560065,-0.499901143196165,-0.098491774722143,-0.358125447218987,0.343719074630262,-1.52110354410581,-0.714992475146634,-0.173709697870383,-0.282238654895102,1.66175676339678,0.0715359425408645,-0.392320312950277,-0.568864739474357,-1.06149374069523,-1.04788622892347,-1.33183992470759,-0.646268263806587,-1.00463357013368,-0.818685407196788,-0.234032680090493,1.15042466435309,-0.584886880139477,-0.0113860966768631,-0.487847326192078,-0.426521839883641,0.764538846103417
"37","Congo Republic",2003,"CG","COG","Central Africa","FC",-4.09,15.12,0,1,0,3,0,0,1,-0.822567705747267,-0.337422642479258,-0.362657702175096,-0.414744074772898,0.712181481978541,3.45203539252287,0.181008683026067,0.0739386500039637,3.11535481850883,-0.0794683215908815,-0.91809707046532,0.19177647097793,-0.694859290956864,-1.08118483978326,0.0571466860297767,-0.575624147651346,-0.734634089438882,-0.29889793892687,-0.682578975376862,-1.04277157207396,-0.75865277246251,-0.517872749709701,-0.720030418072552,-0.234032680090493,0.42040745746052,0.200409399315573,-0.563271454411892,-0.0357275477505964,-0.347480390719426,-0.911741008388359
"38","Congo Republic",2004,"CG","COG","Central Africa","FC",-4.09,15.12,0,1,0,3,0,0,1,-0.265578753861249,-0.327285403377713,-0.354539152699032,-0.271368268182304,0.348969453380833,3.32661870199085,0.0635827718634804,0.0739386500039637,2.64319149191319,1.0634274490482,-0.60179973752011,-0.165346481182993,-0.694859290956864,-1.08118483978326,0.0571466860297767,-0.575624147651346,-0.730793598555551,-0.534609368564362,-0.616159474732024,-0.719695177954023,-0.694433053230553,-0.350024190942811,-0.53681400969897,-0.234032680090493,0.56805145316794,0.238454755897335,0.241139280215103,0.00733147876763993,-0.0313145940625668,-0.0486447567781739
"39","Congo Republic",2005,"CG","COG","Central Africa","FC",-4.09,15.12,0,1,0,3,0,0,1,0.629074296108823,-0.314587455440622,-0.348884901984149,-0.35855234451315,0.0454440444157444,1.33493204159759,0.179669223963376,-0.0103371052413859,3.59869203082468,1.06143546306925,-0.344107449087786,0.283685943415834,-0.694859290956864,-1.08118483978326,0.0571466860297767,-0.575624147651346,1.18849320202918,-0.714859285345973,-0.638299308280303,-0.991759509844498,-1.19213587727821,-0.652151596723213,-1.00190181557037,-0.234032680090493,-0.278812211212862,0.0730900295904369,1.03354653721608,0.297979907765735,-0.426521839883641,-1.2291630216511
"41","Congo Republic",2007,"CG","COG","Central Africa","FC",-4.09,15.12,0,1,0,3,0,0,2,-1.32331415460876,-0.294268978803933,-0.331561758321066,-0.349211193477702,0.720589716093453,1.10771480180359,0.0515276402992604,-0.0103371052413859,1.65713081034753,0.485932760213584,0.197147234585536,-0.990142143433969,-0.694859290956864,-1.08118483978326,0.0571466860297767,-0.575624147651346,-0.693077818474515,-0.950570714983465,-0.195502637314717,-1.09378363430343,-0.790762632078488,-0.769645587860036,-0.84687254694657,-0.234032680090493,1.04501944851147,-0.0914732326234922,0.389020627965101,-0.132610357416628,0.205809753430078,1.31385839025688
"45","Congo Republic",2011,"CG","COG","Central Africa","FC",-4.09,15.12,0,1,0,3,0,0,2,-0.279587109633157,-0.241242066628666,-0.285660541277333,-0.409675233125756,0.272229513853179,-0.321370164789089,0.324330802734015,0.157359579569617,3.24077004536199,0.517766921999821,0.0943182815742836,0.417042583483107,-0.694859290956864,-1.08118483978326,0.0571466860297767,-0.575624147651346,-0.439648739876418,-0.742590041773913,0.24729403365087,-0.85572734389926,-0.710487983038543,-0.752860731983347,-0.945527536070806,-0.234032680090493,1.77446918937567,-0.0255540760262461,1.16349352944861,0.900806279021044,1.92496127275175,1.23366166252442
"46","Congo Republic",2012,"CG","COG","Central Africa","FC",-4.09,15.12,0,1,0,3,0,0,2,-0.195327895064814,-0.247885830102334,-0.270721338807131,-0.174336156651295,1.47010681064673,-0.298150563204555,0.100864382441716,0.357514498277322,2.81573768762504,0.226531366382453,0.118073325972283,0.417042583483107,-0.694859290956864,-1.08118483978326,0.0571466860297767,-0.575624147651346,-0.660096762199761,-0.811916932843764,0.103385115587054,-0.85572734389926,-0.646268263806587,-0.937494146626926,-1.1146503745695,-0.234032680090493,1.33237841481415,0.526657537925419,0.663539117041806,-0.380199759896487,-0.20915785468205,1.46555919341513
"50","Dem. Republic of Congo",2003,"CD","COD","Central Africa","FC",-4.2,15.15,0,1,0,3,0,1,2,0.173698193553362,-0.289455550168043,0.990429818705861,0.390984511052124,-1.6335974102495,1.47134169341109,0.214048673239114,-0.752325795217745,1.03902189776757,0.0928568547318905,-2.29445984894717,-0.181804972819221,1.70776322522681,-0.15163240759447,1.28742811772779,2.14420842669694,5.96407822396274,-1.44972433068639,-1.65673165150115,-1.5528921943686,-1.62561898209392,-1.30676097591408,-1.28377321306819,4.60373973663428,0.42040745746052,0.21249872091933,0.724311501135826,0.933100548909722,2.08304417108018,1.34189920414935
"55","Dem. Republic of Congo",2008,"CD","COD","Central Africa","FC",-4.2,15.15,0,1,0,3,1,1,2,0.309181992660772,-0.19991873779112,2.51410915185291,0.7638340202112,-1.31787414052616,0.865296874065254,0.139931938436873,-0.749359047270564,1.66075909381418,0.0928568547318905,-2.29445984894717,-0.478868437585027,1.70776322522681,-0.15163240759447,1.28742811772779,2.14420842669694,0.526303231508972,-1.22787827926287,-1.60138206763045,-1.65491631882753,-1.3526851753581,-0.903924434873548,-1.00190181557037,0.221965370023327,1.03436987284179,0.502088698428518,1.84087985671086,0.222626611358822,0.877662071325904,1.4254608295489
"60","Dem. Republic of Congo",2013,"CD","COD","Central Africa","FC",-4.2,15.15,0,1,0,3,1,1,2,0.777311971366776,-0.0900194503439066,6.06907683678283,-0.47868389155042,-1.31668988220011,-0.634328096582145,-0.610611623024375,-0.715945419967142,2.25648458533958,0.0928568547318905,-2.29445984894717,0.37259037012735,1.70776322522681,-0.15163240759447,1.28742811772779,2.14420842669694,0.828440092434428,-1.25560903569081,-1.82278040311325,-1.26382384173497,-1.14397108785425,-1.12212756127051,-0.931433966195915,0.326792507980526,0.934894217556811,-0.400694565392388,1.71236985261091,-0.143375114046187,0.205809753430078,1.38760573079407
"63","Gabon",2003,"GA","GAB","Central Africa","FC",0.25,9.26,0,0,0,2,0,0,2,-0.636904721785261,-0.308278080062317,-0.329470026467455,-0.384693085007698,-0.416653554406641,0.425071733207824,0.344645931851497,2.98479608289204,-0.371626005445904,1.17216164157072,1.05158444765312,0.392304512838999,-0.773862256491285,-1.27928617779071,-0.935712013235285,-1.89838425211581,-0.631609513721287,-0.160244156787169,0.92255895687339,0.368562149607878,0.525741612176612,0.271015476494682,0.604765150167194,-0.234032680090493,0.42040745746052,0.349086803753737,0.513264114320559,-0.337140733378251,-0.248678579264158,0.530958866379153
"65","Gabon",2005,"GA","GAB","Central Africa","FC",0.25,9.26,0,0,0,2,0,0,1,-1.15688652484101,-0.284615722471993,-0.32543997266335,-0.452325914985281,-0.36821738887144,0.0312417355544047,0.616332878400675,3.05740598180271,1.56860326952847,1.17216164157072,-0.0530700388307219,0.772660290329168,-0.773862256491285,-1.27928617779071,-0.935712013235285,-1.89838425211581,-0.692745784920079,-0.437551721066571,0.988978457518228,-0.243582597145691,0.413357103520689,0.13673662948117,0.506110161042957,-0.234032680090493,-0.278812211212862,0.584859542223259,-0.285684334124596,-0.46631781293296,-0.426521839883641,0.0635184987917006
"66","Gabon",2006,"GA","GAB","Central Africa","FC",0.25,9.26,0,0,0,2,0,0,1,-1.39147421403625,-0.276792800977833,-0.329073108781613,-0.638931699623645,-0.370467479690924,-0.197958202667119,0.574586404280136,3.05740598180271,1.67200444303071,1.17216164157072,0.80510075148076,1.415144801694,-0.773862256491285,-1.27928617779071,-0.935712013235285,-1.89838425211581,-0.70543706226442,-0.590070881420242,0.845069539454413,-0.260586617888846,-0.0201260012950149,-0.551442461463079,0.153770914170685,-0.234032680090493,-0.0759995714749679,0.188794479233013,0.758397168195218,-0.520141596080755,-0.485802926756802,-1.33852219583173
"67","Gabon",2008,"GA","GAB","Central Africa","FC",0.25,9.26,0,0,0,2,0,0,2,-0.630214163804648,-0.224857049955857,-0.318402597742587,-0.156015914698053,-0.682401122770925,-0.695285058237177,0.969950070951126,3.05740598180271,0.306591036355864,1.17216164157072,0.819172963547955,0.780199694543519,-0.773862256491285,-1.27928617779071,-0.935712013235285,-1.89838425211581,-0.694901577917911,-0.395955586424661,0.91148904009925,-0.226578576402536,0.140423296784875,-0.652151596723213,-0.0858197737024608,-0.234032680090493,1.03436987284179,1.07501868908525,-0.0776369882243175,-0.477082569562519,-0.406761477592587,0.90474291556576
"68","Gabon",2009,"GA","GAB","Central Africa","FC",0.25,9.26,0,0,0,2,0,0,2,-1.46904287062398,-0.263443676223455,-0.31339851280758,-0.40062373018443,-0.0854165006121225,-0.531271838316066,0.347101606799764,3.05740598180271,1.63263790814514,1.17216164157072,0.930921550496197,0.713852557799092,-0.773862256491285,-1.27928617779071,-0.935712013235285,-1.89838425211581,-0.671537654889211,-0.603936259634212,0.778650038809574,-0.0905464104572988,0.268862735248787,-0.517872749709701,-0.00125835445311526,-0.234032680090493,0.471530499365471,-1.10409059200992,0.441664272192807,-0.455553056303401,-0.387001115301534,0.664433140507304
"70","Gabon",2011,"GA","GAB","Central Africa","FC",0.25,9.26,0,0,0,2,0,0,2,0.458046907729407,-0.192333407838402,-0.306022662068829,-0.445736420843996,0.0430755277636563,-0.692134770735671,0.756976079983241,2.76704181195529,1.16594103588294,1.17216164157072,1.74617271315445,1.12827799717523,-0.773862256491285,-1.27928617779071,-0.935712013235285,-1.89838425211581,-0.668067055790459,-0.506878612136422,1.07753779171135,-0.175566514173072,0.429412033328678,-0.266099911559366,0.0410223551715573,-0.234032680090493,1.77446918937567,0.989623976120407,-0.038765728683477,-0.11108084415751,0.0872475796837555,0.746592725212237
"73","Gabon",2014,"GA","GAB","Central Africa","FC",0.25,9.26,0,0,0,2,0,0,2,0.0706217846645459,-0.217051727835137,-0.284265241682316,-0.210397344369536,0.14267165298396,-0.438173132152652,0.605170719544916,3.23254467841342,1.63617880889928,1.17216164157072,1.16474402373879,0.929117093332489,-0.773862256491285,-1.27928617779071,-0.935712013235285,-1.89838425211581,-0.633123457567705,-0.479147855708481,0.867209373002692,0.0624897762310934,0.349137384288733,-0.014327073409031,-0.198568332701588,-0.234032680090493,1.15042466435309,0.0898122040788718,-0.305875473469241,-0.164904627305306,-0.090595680935728,0.310838477323274
"75","Eritrea",2003,"ER","ERI","Eastern Africa","FE",15.19,38.55,0,0,0,2,1,0,1,-1.54786600683308,-0.360592217613257,-0.183650260938018,1.10438776687563,5.11963569401666,3.18014134816205,0.192394085058941,-0.519008668524176,0.541564322640063,0.142824668937392,-2.2781766801451,-1.02903234991966,-0.417704717911185,-0.773641096489191,0.00760659510572157,0.498455106102105,-0.556269084391901,-1.85182029889152,-0.195502637314717,-0.481638887549857,0.333082454480743,0.942409711562242,-1.45289605156688,-0.234032680090493,-1.49080171782722,-0.907648374435658,0.42264336034426,-0.498612082821637,-0.466042564465749,-0.403921868795752
"78","Eritrea",2007,"ER","ERI","Eastern Africa","FE",15.19,38.55,0,0,0,2,0,0,1,-0.694192624494258,-0.356649957962656,0.124606241214034,0.136601072389115,1.91396683124804,2.40085274621585,0.155558960834936,-0.550762928331717,2.16526151814888,0.142824668937392,-2.2781766801451,0.728734550649123,0.333583764162731,0.227272400482588,-0.359863280313959,1.15088111954956,-0.728352334038531,-2.10139710674298,-0.483320473442348,-1.02576755133081,-0.790762632078488,0.237445764741304,-2.15757454531142,-0.234032680090493,-1.37227907943154,-0.528087984588609,-0.844426146352797,-0.487847326192078,-0.446282202174695,0.0635184987917006
"79","Eritrea",2008,"ER","ERI","Eastern Africa","FE",15.19,38.55,0,0,0,2,1,0,1,-3.03797871707769,-0.35610437738601,0.265889456751297,0.906992590731203,2.17355625631689,2.80309819719498,0.156898419897627,-0.550762928331717,-0.503349449812046,0.142824668937392,-2.2781766801451,-0.287469021489594,-0.30325753823621,0.925128942202665,0.38524574230956,0.322128007581123,-0.719378471786863,-2.15685861959886,-0.140153053444018,-0.991759509844498,-0.806817561886477,0.522788314645017,-2.22804239468588,-0.234032680090493,-0.400573617855873,-0.295204959084851,0.22814582946629,-0.477082569562519,-0.446282202174695,-0.216889640132986
"80","Eritrea",2009,"ER","ERI","Eastern Africa","FE",15.19,38.55,0,0,0,2,0,0,1,-0.181946779103588,-0.351906926820527,0.546298408870876,1.85247638197029,0.812014458864054,2.1353033368231,0.142164370208025,-0.550762928331717,1.2478023836162,0.142824668937392,-2.2781766801451,0.016832953291304,-0.795895720843047,-0.452010631910529,0.233801005283052,-0.114506692391942,-0.734985390958817,-2.21232013245474,-0.0958733863474597,-1.16179971727604,-0.838927421502455,0.338154900001438,-2.3548845235599,-0.234032680090493,-1.44165437553888,-0.667478133236729,-1.85478220217837,-0.46631781293296,-0.466042564465749,-0.871081828244279
"84","Eritrea",2014,"ER","ERI","Eastern Africa","FE",15.19,38.55,0,0,0,2,0,0,1,-0.636904721785261,-0.334298753693626,1.45842742632576,0.350361365851456,0.618269796723248,1.71069745357803,0.171855712764344,-0.598256037418371,1.08538361877651,0.142824668937392,-2.2781766801451,-0.407555051725125,-0.0243685973980132,0.256860529417185,1.38348775331345,0.524755197280806,-0.767870625647905,-2.0459355938871,-0.195502637314717,-1.56989621511176,-1.19213587727821,-0.383593902696189,-2.15757454531142,-0.234032680090493,-0.327574282181801,-0.898431226633524,-0.493657178819585,-0.520141596080755,-0.485802926756802,-1.33852219583173
"88","Ethiopia",2015,"ET","ETH","Eastern Africa","FE",9.02,38.42,0,1,0,1,1,0,2,0.797801805182403,10.4777531236678,0.841252080852641,-0.0430531579903116,-0.54917206109097,-0.572093395940488,-0.670440794491244,-0.0215383700511899,-0.234883120169826,-1.29624838018105,0.798338986881734,0.228962401734766,3.12490681602787,1.38746260307878,-1.15874548915715,-0.377457839866407,0.470588019218858,-0.407566630676251,0.0378703638885941,0.553388686822761,0.270530197784056,0.289614132853335,0.650262120716794,-0.234032680090493,-0.515261054314276,-0.260343783132938,0.61518162012385,-0.487847326192078,-0.426521839883641,0.764538846103417
"89","Kenya",2002,"KE","KEN","Eastern Africa","FE",-1.17,36.48,0,0,0,2,0,0,1,-0.891982244796125,-0.238329370324316,-0.320584427475806,-0.381000071807637,-0.313267802542996,0.312146042769192,0.147298963281674,-0.348621797015305,1.42563730434023,1.12219382736522,0.403118449261992,0.530052198313009,0.362716315495224,-1.12162875643773,0.139485883311006,-0.353963634590206,-0.39808012412588,-0.25730180428496,-0.737928559247561,0.0454857554879387,-0.309114737838817,-0.601797029093146,0.590671580292303,-0.234032680090493,0.281713264504329,0.0550013621932989,0.133557981484001,1.18068995138958,0.699818810706421,-0.280261879529965
"90","Kenya",2003,"KE","KEN","Eastern Africa","FE",-1.17,36.48,0,0,0,2,0,0,1,-0.37597296054136,-0.220448406909092,-0.304834344089129,-0.103879257756018,-0.316583725855919,0.274452742663749,0.20310975756047,-0.348621797015305,-0.369661388698321,1.12219382736522,0.403118449261992,0.799365690394058,-0.182571670235354,0.562484492449896,-0.939348221262163,-0.526332942443298,-0.275351940853118,0.435967106413546,-0.77113830956998,0.147509879946867,-0.277004878222839,-0.333239335066122,0.463829451418285,-0.234032680090493,-1.49080171782722,0.63207745667479,1.10509147717747,2.52628453008447,0.699818810706421,-0.746019798283869
"91","Kenya",2004,"KE","KEN","Eastern Africa","FE",-1.17,36.48,0,0,0,2,0,0,1,-0.023464186937822,-0.209290404148017,-0.281452726791838,0.0697647746703681,-0.427430305173642,0.134826713401156,0.144173558802062,-0.348621797015305,-1.80664390679886,1.12219382736522,0.403118449261992,0.320063942466515,0.386489033655754,-0.31470977272206,0.205713492125413,0.421662829028387,-0.129050398410804,0.546890132125306,-0.538670057313047,0.198521942176331,-0.228840088798872,-0.282884767436055,0.463829451418285,-0.234032680090493,-1.17255724515897,0.274529863060097,0.120508150371513,1.6220449732015,0.778860259870636,-0.441216151272735
"92","Kenya",2005,"KE","KEN","Eastern Africa","FE",-1.17,36.48,0,0,0,2,0,1,1,0.191888148063153,-0.18344572425111,-0.257798380777895,0.0293588655402916,-0.261160436197058,0.0147192486583895,0.11738437754824,-0.31933144651983,-0.562151050179118,1.12219382736522,0.403118449261992,0.283685943415834,-0.468826109239312,-1.40309185868997,-0.419189594286965,-0.787648377050978,-0.0864931101298641,0.505293997483396,-0.76006839279584,0.0454857554879387,-0.293059808030828,-0.568227317339768,0.506110161042957,0.599343066669246,-1.55311498776208,-0.936736951837909,0.490895655899457,1.84810486242224,0.383653014049561,-0.780229591232681
"93","Kenya",2006,"KE","KEN","Eastern Africa","FE",-1.17,36.48,0,0,0,2,0,1,1,0.231404256136148,-0.140987235826672,-0.238103471311067,-0.0996793603912433,-0.272410890294477,-0.0815077150240033,0.0597876378525222,-0.31933144651983,0.123871343221167,1.12219382736522,0.403118449261992,0.188014581898377,-0.751555189181912,-0.0294481564293283,0.312242390859386,-0.607042675366601,0.281009061368198,0.588486266767217,-0.594019641183745,0.198521942176331,-0.277004878222839,-0.400378758572878,0.590671580292303,0.588860352873526,-1.58997281737217,0.519506240762803,0.837166434441361,1.65433924309018,0.245330478012185,-0.827338158572028
"95","Kenya",2008,"KE","KEN","Eastern Africa","FE",-1.17,36.48,0,0,0,2,0,1,1,-0.944043149082768,-0.0523831902420785,-0.168922910238788,0.556373572796022,-0.11277286794374,-0.136714851239222,-0.269049562038143,-0.31933144651983,1.31210815614588,1.12219382736522,0.403118449261992,0.833633843870038,-0.38262055335603,-0.397856682098935,-0.34301163588214,-0.25973464372138,0.656244118545501,0.380505593557665,-0.881837477311376,0.181517921433176,-0.485718965726696,-0.668936452599902,0.54839087066763,1.57947680656906,-0.400573617855873,0.64245906588786,0.596626421032911,3.47358311348567,2.93273974959549,-0.0343439416930149
"97","Kenya",2010,"KE","KEN","Eastern Africa","FE",-1.17,36.48,0,0,0,2,0,1,2,0.764976255090021,-0.016260476256106,-0.105377119258774,-0.225096985146248,0.0513653360459646,-0.0720788825020107,-0.355221428404604,-0.255496081791924,-0.612483829384809,1.12219382736522,0.403118449261992,0.417042583483107,-0.549817585788514,0.588840968355995,-0.535106961007957,-0.326794675778267,0.927605387680267,0.463697862841486,-0.649369225054443,0.26653802514895,-0.437554176302729,-0.517872749709701,0.731607279041212,0.0542419492918069,-0.31850104627184,0.0940589044569096,-0.0695611584409868,2.53704928671403,2.67585503981179,0.235689096091458
"100","Kenya",2013,"KE","KEN","Eastern Africa","FE",-1.17,36.48,0,0,0,2,0,1,2,0.208196383140897,0.117855549044797,0.046990570548148,-0.123140856015159,0.183765416897688,-0.119641614780007,-0.895246673846234,-0.205689914983739,-0.6012987673391,1.12219382736522,0.403118449261992,0.505947010194622,0.421597987942087,0.181626244547464,0.356245853056172,0.990279307791613,2.09414494588292,0.435967106413546,-0.627229391506164,0.385566170351033,-0.0522358609109929,-0.719291020229969,0.39336160204383,0.415895575244146,-0.0494978915497652,0.122519368235317,0.151218750727079,4.98064904162394,4.88901561640981,0.151286246275127
"101","Kenya",2014,"KE","KEN","Eastern Africa","FE",-1.17,36.48,0,0,0,2,0,1,1,0.110346972674435,0.166509016920179,0.0903787872741555,-0.0390704966961285,0.413511532150233,0.0204690740982027,-1.07741310637222,-0.188090562754698,0.929458404560323,1.12219382736522,0.403118449261992,0.0207612397499159,-0.016237826841769,-0.208992206230861,0.126900372857996,0.36005342359297,1.52470658944167,0.560755510339277,-0.76006839279584,0.674634522984663,0.429412033328678,-0.517872749709701,0.351080892419157,0.405412861448426,-0.327574282181801,0.721518442553519,1.57942341496068,2.67699112289829,2.2016063448265,-0.0587394497794628
"102","Kenya",2015,"KE","KEN","Eastern Africa","FE",-1.17,36.48,0,0,0,2,0,1,1,0.440902352904087,0.211642610107524,0.12489358039765,-0.16644324608646,0.603821845145511,0.0529853283095606,-0.953066656719066,0.202427683592152,-0.223647618299003,1.12219382736522,0.403118449261992,1.18509047868215,-0.540205455271043,-0.231719879601042,0.647744098817258,-1.17067791520166,-0.507272566606599,1.11885220847001,-0.38921453182246,0.255736248849396,0.674372350675623,-0.903790297683154,0.0162129684325371,-0.234032680090493,-0.515261054314276,-0.019772369554491,0.684621464230537,2.66622636626874,1.49023330234857,-0.394387992072312
"103","Rwanda",2006,"RW","RWA","Eastern Africa","FE",-1.59,30.04,0,0,0,1,0,0,1,0.936630883280119,-0.340889719046974,-0.259999691133733,0.10235018525914,-0.243396561306398,-0.464939560924197,0.142610856562255,-0.640217921518755,0.536185932077762,0.307718455815546,0.826480838115744,-1.61829970168594,-0.407066316069075,-0.319256616677696,-0.0579673660589262,0.920531476124942,-0.243916228564421,-0.839647689271704,-0.106943303121599,0.691638543727817,0.252807805440798,0.774561152795352,-0.043539064077788,-0.234032680090493,-1.58997281737217,-0.779482093443393,0.368213995893995,-0.520141596080755,-0.485802926756802,-1.33852219583173
"104","Rwanda",2010,"RW","RWA","Eastern Africa","FE",-1.59,30.04,0,0,0,1,1,0,1,0.317336110199644,-0.318107330128659,-0.124706767051514,-0.389689514631309,0.247596940671463,-0.548741614460786,0.0812189828555799,-0.567557738744573,-0.450300429722026,0.307718455815546,0.826480838115744,-0.738714963766589,-0.407066316069075,-0.319256616677696,-0.0579673660589262,0.920531476124942,-0.0566690103402886,-1.03376298426729,0.424412702037105,1.09973504156353,0.670235980448513,1.83200707302676,0.576578010417412,-0.234032680090493,-0.31850104627184,1.46156004489737,0.768219447709389,-0.520141596080755,-0.485802926756802,-1.33852219583173
"109","Tanzinia",2003,"TZ","TZA","Eastern Africa","FE",-2.2,32.9,0,0,0,2,0,0,1,0.3367805443308,-0.243485986742289,-0.304269406033206,-0.216407542322576,-0.999071799155101,-0.0740175209644765,0.137922749842837,-0.510611263317748,0.156702226449259,0.4126508656471,1.22270461229938,-0.539332703815327,0.692577597800811,-0.212586665442916,-1.25947028473476,-0.0455292743266346,0.261410683481162,0.269582567845904,-0.328341638604393,0.55560637778258,0.686290910256502,-0.249315055682677,0.125583774420903,-0.234032680090493,-1.49080171782722,0.3304478724651,-0.339394965047568,-0.121845600787069,-0.228918216973104,-0.379245952570379
"110","Tanzinia",2004,"TZ","TZA","Eastern Africa","FE",-2.2,32.9,0,0,0,2,0,0,1,0.515125730501511,-0.231439215622485,-0.292697916198096,-0.237479441169981,-0.796326773736362,-0.0676728859964066,0.0620200696236741,-0.510611263317748,-1.06322016970318,0.4126508656471,1.22270461229938,-0.482221715349155,0.692577597800811,-0.212586665442916,-1.25947028473476,-0.0455292743266346,0.562824942547383,0.130928785706203,-0.0737335527991803,0.470586274066806,0.573906401600579,-0.282884767436055,0.210145193670248,-0.234032680090493,-1.17255724515897,0.809949705183007,-0.674682690944765,-0.0141980344914783,-0.130116405517835,-0.286991674864157
"111","Tanzinia",2005,"TZ","TZA","Eastern Africa","FE",-2.2,32.9,0,0,0,2,0,0,2,0.209032702888474,-0.21933084669564,-0.280008725640277,-0.221476383969718,-0.614898398186414,-0.0198017339630184,-0.0357604419527764,-0.425983521027818,-0.735519511887609,0.4126508656471,1.22270461229938,-0.160836190141741,0.692577597800811,-0.212586665442916,-1.25947028473476,-0.0455292743266346,0.287843475172078,0.380505593557665,0.0148257813939371,0.52159833629627,0.734455699680469,-0.03111192928572,0.196051623795357,-0.234032680090493,-1.55311498776208,-0.135420719300987,0.395793900932895,-0.304846463489574,-0.228918216973104,0.397204184112077
"112","Tanzinia",2006,"TZ","TZA","Eastern Africa","FE",-2.2,32.9,0,0,0,2,0,0,2,0.0662311059897688,-0.204380178958206,-0.257978576537112,-0.0120608119192135,-0.700638700992003,-0.327230140141542,-0.133094467174997,-0.425983521027818,-1.78499972403987,0.4126508656471,1.22270461229938,-0.139381339746845,0.692577597800811,-0.212586665442916,-1.25947028473476,-0.0455292743266346,0.496312231273416,0.505293997483396,0.280503783973289,0.606618440012044,0.445466963136667,0.690636873411907,0.308800182794485,-0.234032680090493,-1.58997281737217,-0.583996962734663,0.56523473578857,-0.369435003266928,-0.268438941555211,0.717710686902994
"113","Tanzinia",2007,"TZ","TZA","Eastern Africa","FE",-2.2,32.9,0,0,0,2,0,0,1,0.841290432056386,-0.179037081204345,-0.235079104649618,-0.028208693166538,-0.672098075334341,-0.574472634053514,-0.237795517242018,-0.425983521027818,-0.272735192182186,0.4126508656471,1.22270461229938,-0.0232110411904076,0.692577597800811,-0.212586665442916,-1.25947028473476,-0.0455292743266346,1.62567490116942,0.588486266767217,0.25836395042501,0.538602357039425,0.573906401600579,0.489218602891639,0.266519473169812,-0.234032680090493,-1.37227907943154,2.93023591034543,2.8102207423847,0.674746389800304,0.423173738631669,-0.186885969268044
"120","Tanzinia",2014,"TZ","TZA","Eastern Africa","FE",-2.2,32.9,0,0,0,2,0,0,2,0.52014364898697,0.0535386388076538,0.10805501722219,-0.0930174542264279,-0.490788125616998,-0.318285967235166,-0.913106128015449,-0.276112465831657,-1.18073519574762,0.4126508656471,1.22270461229938,0.705569374813908,0.692577597800811,-0.212586665442916,-1.25947028473476,-0.0455292743266346,1.15035031095016,0.546890132125306,0.0480355317163561,0.0964978177174028,0.493631752560634,-0.282884767436055,0.351080892419157,-0.234032680090493,-0.327574282181801,0.229557599182653,-0.403721644805718,0.71780541631854,1.1345467811096,0.643682938226877
"121","Tanzinia",2015,"TZ","TZA","Eastern Africa","FE",-2.2,32.9,0,0,0,2,0,0,2,0.518052849618029,0.0714372015963183,0.137163937569182,-0.23248301154637,-0.397350143692123,-0.284932573687743,-0.944136929634459,-0.40947027523939,-0.960270106249207,0.4126508656471,1.22270461229938,-0.190630245264227,0.692577597800811,-0.212586665442916,-1.25947028473476,-0.0455292743266346,0.862199232791348,0.439278576350984,0.768626416649285,-0.187140317205167,0.529180218686657,-0.293635673774184,0.103021129666853,-0.234032680090493,-0.515261054314276,0.73327467015442,0.944962889482407,1.11610141161223,1.86568018587859,0.84249230872448
"125","Uganda",2005,"UG","UGA","Eastern Africa","FE",0.2,32.3,0,0,0,2,1,1,1,1.09971323405756,-0.270228234684645,-0.347825643129294,0.0857678318706315,-0.89900197060438,-0.0014507585171775,0.117607620725355,-0.585282800632392,0.0194721761977572,0.4126508656471,0.842764006917812,-0.338645043564771,0.438161268113691,-0.105916714208136,-1.88540294296708,-0.327916262920172,0.0596979006317438,0.0477365164223827,-0.937187061182075,0.26653802514895,0.252807805440798,-0.3668090468195,0.576578010417412,0.206241299329747,-1.55311498776208,0.15290589491383,0.030520801261822,-0.520141596080755,-0.485802926756802,-1.33852219583173
"128","Uganda",2008,"UG","UGA","Eastern Africa","FE",0.2,32.3,0,0,0,2,1,0,1,1.18773588748999,-0.21058395809587,-0.283140235726125,0.334792780792376,-0.897699286445731,-0.618774928917363,-0.1375593307173,-0.585282800632392,1.54318435618303,0.4126508656471,0.842764006917812,0.650935297081847,0.438161268113691,-0.105916714208136,-1.88540294296708,-0.327916262920172,0.545218712833955,0.0893326510642931,-0.361551388926812,0.215525962919486,0.541796541984601,-0.333239335066122,0.520203730917848,-0.234032680090493,-0.400573617855873,0.507959667702475,1.90552146161112,-0.412494029785165,-0.387001115301534,-0.0640672044190317
"133","Uganda",2013,"UG","UGA","Eastern Africa","FE",0.2,32.3,0,0,0,2,1,0,1,-0.179228739923964,-0.143213556566855,-0.082635927430051,-0.191063334086865,-0.826051657720067,-0.447051215111445,-0.189128504630908,-0.486022454060602,-0.0476381960764975,0.4126508656471,0.842764006917812,0.105877089992804,0.438161268113691,-0.105916714208136,-1.88540294296708,-0.327916262920172,0.637298379870558,0.0200057599944425,-0.284061971507834,0.215525962919486,0.573906401600579,-0.70250616435328,0.477923021293176,-0.234032680090493,-0.0494978915497652,-0.389762114638958,-0.760052201914018,-0.0249627911210373,-0.130116405517835,-0.264559023750183
"134","Uganda",2014,"UG","UGA","Eastern Africa","FE",0.2,32.3,0,0,0,2,1,0,1,0.0315238364653396,-0.12523579659771,-0.0592396996657969,-0.199101068698762,-0.765299205594008,-0.380983297509912,-0.291150636572547,-0.476971358628524,0.597065823518343,0.4126508656471,0.842764006917812,0.179996814307037,0.438161268113691,-0.105916714208136,-1.88540294296708,-0.327916262920172,0.680542391730147,0.00614038178047235,-0.383691222475091,0.504594315553116,0.525741612176612,-0.786430443736725,0.322893752669376,-0.234032680090493,-0.327574282181801,0.347378211119013,0.850575532598509,-0.197198897193983,-0.189397492390997,0.0183727884248261
"136","Botswana",2003,"BW","BWA","Southern Africa","FS",-24.45,25.57,1,0,3,0,0,0,1,-0.0255549863067635,-0.301915906563692,-0.277761148805722,0.127984041588973,2.20411012112883,-0.792679610993555,0.326116748150936,1.53760134909802,-0.799425461089296,0.977287166169266,0.636510535424958,0.877526708990026,0.773227414573342,-1.06779322741175,0.969299065359364,-0.0206405826081161,-0.750186952001422,1.73931265852674,1.84136204912698,2.4260486595296,2.22756417182345,3.15801068728519,1.94365428828183,-0.234032680090493,-1.18348617247809,0.881846647477266,0.935402656848664,0.104214288433672,-0.485802926756802,-1.33852219583173
"138","Botswana",2005,"BW","BWA","Southern Africa","FS",-24.45,25.57,1,0,3,0,0,0,1,-0.0395633420786716,-0.280013486317386,-0.228178094087181,0.0863471280588762,1.13567225937189,-0.887959285427243,0.538421009587476,1.75794523900561,-0.623668891430518,0.977287166169266,0.636510535424958,1.39499127730977,-0.668177293556669,-0.841939205733634,-0.121774451160624,-0.998295426026428,-0.740207886633778,1.57292811995909,1.8192222155787,2.30702051432751,2.11517966316752,2.97337727264161,1.77453144978314,-0.234032680090493,-1.10843007128822,0.426878173875486,0.671807334807622,1.11610141161223,-0.347480390719426,-1.21009526820423
"139","Botswana",2006,"BW","BWA","Southern Africa","FS",-24.45,25.57,1,0,3,0,0,0,1,0.671517523298335,-0.278799129550013,-0.187088590830101,0.299455713309442,1.00848291515476,-0.918470811228551,0.61052855579568,1.75794523900561,0.359247899396356,0.977287166169266,0.636510535424958,1.30810894090432,-0.450060437360524,-1.63646891584842,-0.035051684833084,0.204328315506287,-0.729269715096585,1.46200509424733,1.70852304783731,2.06896422392335,2.08306980355155,2.57054073160108,1.53494076190999,-0.234032680090493,-0.770141505896082,0.45772795186015,-0.251465759167835,0.663981633170745,-0.268438941555211,-1.06063773015737
"141","Botswana",2008,"BW","BWA","Southern Africa","FS",-24.45,25.57,1,0,3,0,0,0,1,-0.176928860618129,-0.26971785285488,-0.105384424492256,0.376936578487187,2.7358421095226,-0.882980509375911,0.146852476927444,1.75794523900561,0.59676876511548,0.977287166169266,0.636510535424958,2.0841143974412,-0.989271601449845,-1.52019462311191,0.41678623111033,-1.16631832335605,0.152268369258498,1.44813971603336,1.73066288138559,2.13698030689597,2.21150924201546,2.72160443449128,1.50675362216021,-0.234032680090493,-0.753064106007353,-0.661975734970954,1.10694157669738,0.685511146429863,-0.406761477592587,-1.23925771465239
"142","Botswana",2009,"BW","BWA","Southern Africa","FS",-24.45,25.57,1,0,3,0,0,0,1,-2.63173639969235,-0.278878326730494,-0.066591199626276,0.0499962922465135,3.2117955307597,-0.654485530595284,-0.0806323205529283,1.75794523900561,-0.388456710084209,0.977287166169266,0.636510535424958,0.569012088059397,-1.30407028554822,-1.17117260663627,-0.0748666212828146,-0.851002247727263,-0.482816915681452,1.36494744674954,1.67531329751489,2.00094814095073,2.19545431220747,2.60411044335445,1.50675362216021,-0.234032680090493,-0.396682109109148,0.0720530848414882,1.21192037872587,0.760864442836776,-0.169637130099943,-0.964738146645125
"145","Botswana",2012,"BW","BWA","Southern Africa","FS",-24.45,25.57,1,0,3,0,0,0,1,-0.102496403083811,-0.240194903908975,0.061374575273736,0.00835937871641664,1.41136759767494,-0.627476772015931,0.0600108810296374,2.87022429988099,-0.657224077567646,0.977287166169266,0.636510535424958,1.66170455744432,-0.423924348183651,-1.84041603906465,0.0402978780162568,-0.648581454085124,-0.680569626667175,1.4758704724613,1.84136204912698,1.94993607872126,2.19545431220747,2.60411044335445,1.80271858953292,-0.234032680090493,-0.597356500835524,0.0407420467720004,1.96868018164238,3.24752322426493,0.0674872173927018,-1.11475650096983
"148","Botswana",2015,"BW","BWA","Southern Africa","FS",-24.45,25.57,1,0,3,0,0,0,1,-0.123404396773226,-0.229494484857345,0.151508981049534,-0.270861384017589,1.26144049359777,-0.769768429164414,0.814349576501843,1.79180643787679,-1.13021935791482,0.977287166169266,0.636510535424958,0.223607101865511,-0.32282213532756,-1.30416476925515,0.438861648172113,-0.294530517855866,-1.18828015476017,1.10820034965076,1.7903856065326,1.45133996123041,2.14759194181303,3.31382203351755,2.10601377363353,-0.234032680090493,-0.499233657596989,-0.593472758258622,1.09376007647641,1.58975070331283,-0.288199303846265,-1.19607486125799
"149","Malawi",2013,"MW","MWI","Southern Africa","FS",-14,33.48,0,0,0,1,0,0,1,0.0946659774073733,-0.334606742728829,0.676484974749343,1.51322605172941,3.02314317942089,0.554828330297864,0.158461122137433,-0.69977915784818,-0.0867859132364795,0.492599368375902,1.16842738295916,-0.383097256920529,-0.290867980697355,-0.304018052215584,0.359321072762621,1.3763139840303,0.0849951181656412,0.519159375697366,0.413342785262965,0.283542045892105,0.846840208336392,0.019242638344347,-0.156287623076915,-0.234032680090493,-0.682966095384275,-0.482384266855519,-0.832579348018944,-0.509376839451196,-0.466042564465749,0.0635184987917006
"151","Malawi",2015,"MW","MWI","Southern Africa","FS",-14,33.48,0,0,0,1,0,0,2,0.156135478854254,-0.324751093602327,1.24628344601541,0.716259320751594,2.02670822388743,0.149432591817234,0.136136804425915,-0.131308577561291,-0.776968643704103,0.492599368375902,1.16842738295916,0.123395006341546,-0.290867980697355,-0.304018052215584,0.359321072762621,1.3763139840303,-1.14792786960218,-0.0528878669067317,0.640110876122681,0.759187773249433,0.414611778971444,1.05186339869127,0.195141724177453,-0.234032680090493,-0.499233657596989,0.167452895220149,0.815750786045066,-0.520141596080755,-0.466042564465749,1.46555919341513
"155","Mozambique",2006,"MZ","MOZ","Southern Africa","FS",-25.58,32.32,0,1,2,0,0,0,1,0.910077731294562,-0.295175346536102,-0.299031553626783,0.421976857123222,-0.0387567225659869,-0.0240755505734544,0.0345611588385065,-0.698672912850926,0.071480382561422,-0.441798757266975,0.77220360877552,-1.05690960400577,0.0678937598399994,0.579818686586877,0.647106202984379,0.806585849148602,0.433107736657924,0.671678536051037,1.18823695945274,0.23252998366264,0.188588086208842,0.0528123500977251,0.0551159250464483,-0.234032680090493,-0.770141505896082,0.905481067917847,0.615533494565066,-0.498612082821637,-0.466042564465749,-0.403921868795752
"156","Mozambique",2008,"MZ","MOZ","Southern Africa","FS",-25.58,32.32,0,1,2,0,0,0,2,0.215096021058404,-0.27071221745425,-0.24397931410823,0.210606160437391,0.138763600508015,-0.217476767186945,-0.113225824411745,-0.698672912850926,0.0551503788471293,-0.441798757266975,0.77220360877552,-0.648756656857597,0.0678937598399994,0.579818686586877,0.647106202984379,0.806585849148602,0.967233825611037,0.685543914265008,1.02218820784065,0.334554108121569,0.204643016016831,0.271015476494682,0.196051623795357,-0.234032680090493,-0.753064106007353,-0.470960464814687,-0.0771644793412751,-0.358670246637369,-0.20915785468205,1.11504901975927
"157","Mozambique",2010,"MZ","MOZ","Southern Africa","FS",-25.58,32.32,0,1,2,0,0,0,2,0.495472216433461,-0.276132824473826,-0.188354831300273,0.382439892275513,0.735392945169004,-0.129555106917616,-0.0748279979479335,-0.655277938640463,-0.634853953476227,-0.441798757266975,0.77220360877552,-0.872071603833862,0.0678937598399994,0.579818686586877,0.647106202984379,0.806585849148602,1.01432250086511,0.630082401409127,1.02218820784065,0.215525962919486,0.236752875632809,0.338154900001438,0.280613043044703,-0.234032680090493,-0.710545808800302,-1.23063325646719,-0.161850954150358,0.427156987320444,0.936943158199065,0.929979648068982
"159","Mozambique",2012,"MZ","MOZ","Southern Africa","FS",-25.58,32.32,0,1,2,0,0,0,2,0.487318098894589,-0.237423002592147,-0.138292066249763,-0.385706853337126,0.899886426656521,-0.145703084110655,-1.22921846681055,-0.626817271892929,-0.578928643247682,-0.441798757266975,0.77220360877552,-0.872071603833862,0.0678937598399994,0.579818686586877,0.647106202984379,0.806585849148602,1.19376926264823,0.505293997483396,1.02218820784065,0.113501838460558,-0.196730229182894,0.0863820618511031,0.181958053920466,-0.234032680090493,-0.597356500835524,0.214394357400796,0.48336110219735,1.01921860194619,2.2016063448265,1.30965226817301
"160","Mozambique",2013,"MZ","MOZ","Southern Africa","FS",-25.58,32.32,0,1,2,0,1,0,2,0.563841355797848,-0.230779239118478,-0.119544402057736,-0.232410599522839,1.31686378325663,-0.0176868556403285,-1.22229792831998,-0.612838357836719,-0.562151050179118,-0.441798757266975,0.77220360877552,-0.872071603833862,0.0678937598399994,0.579818686586877,0.647106202984379,0.806585849148602,1.49477854894441,0.380505593557665,0.335853367843988,0.130505859203712,-0.196730229182894,-0.014327073409031,0.23833233342003,-0.234032680090493,-0.682966095384275,0.127378235236841,2.35689277497657,0.588628336763831,1.43095221547541,1.27684451591882
"161","Mozambique",2014,"MZ","MOZ","Southern Africa","FS",-25.58,32.32,0,1,2,0,0,0,2,0.548996680278363,-0.221433971821742,-0.10892746273091,-0.371514096725128,1.95624485348781,0.170272955288741,-1.12049903955545,-0.599965688777763,0.913204615809823,-0.441798757266975,0.77220360877552,-0.889938329900343,0.0678937598399994,0.579818686586877,0.647106202984379,0.806585849148602,1.16171963311397,0.463697862841486,0.25836395042501,-0.0565383689709894,-0.196730229182894,-0.115036208669165,0.280613043044703,-0.234032680090493,-0.605235008883312,-0.50634728039616,1.02385234245793,1.09457189835311,2.37944960544599,1.35423716226203
"162","Mozambique",2015,"MZ","MOZ","Southern Africa","FS",-25.58,32.32,0,1,2,0,0,0,2,0.366469895369769,-0.21934844606908,-0.0851805837595312,-0.175060276886601,1.40461732521649,0.300866691714845,-1.38013085454041,0.131750275297713,-1.05010250390071,-0.441798757266975,0.77220360877552,-0.559114457974809,0.0678937598399994,0.579818686586877,0.647106202984379,0.806585849148602,1.05421033409881,0.225690175416724,0.706905538944117,-0.265890693962959,0.147539510305256,0.860903257597411,-0.213218102615433,-0.234032680090493,-0.499233657596989,-0.220479168986015,0.951427385067361,0.319509421024854,0.996224245072227,1.32367267511924
"164","Namibia",2003,NA,"NAM","Southern Africa","FS",-22.35,17.04,1,0,0,0,0,0,1,-0.102914562957599,-0.324847890156248,-0.441649191813381,-0.0146676447663152,0.768196900800424,-0.50073828253223,0.233024343293905,0.666282562169965,0.504298074703037,1.19214876725292,0.544239245546576,-0.0706785988824988,-0.73612135456304,-0.959276324086373,-1.22349714345704,-1.03636081325133,-0.654224510863406,1.08763988247014,1.13288737558204,1.59285164311502,1.55325711988791,1.36203110847947,1.14032080541305,-0.234032680090493,-1.18348617247809,-0.155244606856141,0.2773384650405,-0.251022680341778,-0.446282202174695,-1.12288833699865
"165","Namibia",2004,NA,"NAM","Southern Africa","FS",-22.35,17.04,1,0,0,0,0,0,1,1.57223389143834,-0.310020418032895,-0.435768478860563,-0.237551853193512,0.506949514075108,-0.444671976998418,0.273208115174638,0.666282562169965,-0.423074390466546,1.19214876725292,0.544239245546576,0.881155082503379,-0.73612135456304,-0.959276324086373,-1.22349714345704,-1.03636081325133,-0.635947662932836,1.22629366460984,1.36535562783898,1.35479535271085,1.15188387468818,1.26132197321933,1.0557593861637,-0.234032680090493,-1.07129613758806,-0.398460919034848,-0.207311739176227,-0.423258786414724,-0.485802926756802,-1.33852219583173
"166","Namibia",2005,NA,"NAM","Southern Africa","FS",-22.35,17.04,1,0,0,0,0,0,1,-0.471522491701987,-0.304379818845317,-0.432391025914162,-0.371876156842781,0.359035649152207,-0.476417181821296,0.247981636160622,0.922453704829531,-0.757889635979028,1.19214876725292,0.544239245546576,0.37259037012735,-0.73612135456304,-0.959276324086373,-1.22349714345704,-1.03636081325133,-0.687672848522149,1.29562055567969,1.31000604396828,1.25277122825192,1.03949936603226,1.36203110847947,0.999385106664139,-0.234032680090493,-1.10843007128822,-0.784178689964192,-0.41959257518305,-0.218728410453101,-0.466042564465749,-1.24178138790271
"168","Namibia",2007,NA,"NAM","Southern Africa","FS",-22.35,17.04,1,0,0,0,0,0,1,0.131882206174532,-0.291329883439423,-0.414468853105575,-0.0629664644612275,0.144211188807817,-0.623136865457911,0.340850797840539,0.922453704829531,0.578988169308579,1.19214876725292,0.544239245546576,-0.0909543331142592,-0.73612135456304,-0.959276324086373,-1.22349714345704,-1.03636081325133,-0.595894625483721,1.40654358139145,1.77494254848214,1.40580741494031,1.34454303238405,1.49630995549298,0.830262268165448,-0.234032680090493,-0.776907682249378,-0.0470854580366484,0.493719681834492,-0.207963653823542,-0.485802926756802,-1.33852219583173
"174","Namibia",2013,NA,"NAM","Southern Africa","FS",-22.35,17.04,1,0,0,0,0,0,1,0.078984982140312,-0.252804854978865,-0.332845044336029,-0.131540650744709,1.29223121007491,-0.527967340936863,0.0535368288932971,1.43358917742439,-0.7243344498419,1.19214876725292,0.544239245546576,0.461494796838865,-0.73612135456304,-0.959276324086373,-1.22349714345704,-1.03636081325133,-0.482748414742039,1.32335131210763,1.67531329751489,1.5248355601424,1.5693120496959,1.52987966724636,0.943010827164575,-0.234032680090493,-0.682966095384275,-0.0384052945912166,0.493615011327125,0.254920881247499,0.107007941974809,-0.18604474485127
"175","Namibia",2014,NA,"NAM","Southern Africa","FS",-22.35,17.04,1,0,0,0,0,0,1,0.115573971096788,-0.250745728286364,-0.319422895352206,-0.149860892697951,1.73348586235892,-0.495340936812865,-0.0234820672114413,1.48540669877303,-0.987115559182312,1.19214876725292,0.544239245546576,-0.00697445438079619,-0.73612135456304,-0.959276324086373,-1.22349714345704,-1.03636081325133,-0.501711481297679,1.53133198531718,1.33214587751656,1.35479535271085,1.37665289200003,1.44595538786291,0.872542977790121,-0.234032680090493,-0.605235008883312,-0.239835541811214,-0.260513482269476,0.384097960802208,0.047726855101648,-0.447945946606928
"176","Namibia",2015,NA,"NAM","Southern Africa","FS",-22.35,17.04,1,0,0,0,0,0,1,0.178297952165034,-0.257627083301475,-0.305893602943984,-0.166588070133521,1.69452376343207,-0.470623296416426,-0.103179881441562,1.65864701080438,0.558499488365197,1.19214876725292,0.544239245546576,1.09440366904443,-0.73612135456304,-0.959276324086373,-1.22349714345704,-1.03636081325133,-0.0475012630269484,0.47834958016085,-0.171534808067024,1.68302217674895,0.852684298547774,1.86084501327313,1.48665758563901,-0.234032680090493,-0.499233657596989,-0.391432536857179,0.167060700895017,0.545569310245595,0.126768304265863,-0.469256965165204
"185","South Africa",2010,"ZA","ZAF","Southern Africa","FS",-25.44,29.12,1,0,3,1,0,0,1,-0.356946686283993,2.9343096797372,-0.368070880185081,-0.22886241036984,0.915992339890721,-0.293370056995975,-1.08388715850856,2.09265977647021,-0.472670553813445,1.18715198583237,0.527956076744509,1.97287005093462,-0.519594708283514,-1.85835162735094,0.582354548684483,-1.73489704819324,0.361029652940872,1.58679349817306,0.623671203971619,1.84791195426234,1.32848810257606,1.21096740558927,1.33763078366152,-0.234032680090493,-0.710545808800302,-1.00732204592549,-0.225737824993622,-0.380199759896487,-0.485802926756802,-1.33852219583173
"186","South Africa",2011,"ZA","ZAF","Southern Africa","FS",-25.44,29.12,1,0,3,1,0,0,1,-0.320984937138199,3.30172299936115,-0.357283485410347,-0.175060276886601,0.84150249118255,-0.221155774269124,-1.8357701790325,2.1287635904715,-0.416745243584899,1.18715198583237,0.527956076744509,2.01732226429038,-0.519594708283514,-1.85835162735094,0.582354548684483,-1.73489704819324,0.668723740610894,1.57292811995909,0.679020787842317,1.88191999574865,1.34454303238405,1.11025827032913,1.39400506316108,-0.234032680090493,-0.144248617776179,0.708333987624078,0.858452499616062,-0.315611220119133,-0.466042564465749,-1.19831812636939
"188","South Africa",2013,"ZA","ZAF","Southern Africa","FS",-25.44,29.12,1,0,3,1,0,0,1,-0.530064874032349,2.85451412055942,-0.3307070460037,-0.120606435191588,0.937308989759513,-0.0966202830382253,-4.54036126978295,2.16838727491859,-0.517410801996281,1.18715198583237,0.527956076744509,2.10622669100189,-0.519594708283514,-1.85835162735094,0.582354548684483,-1.73489704819324,0.769001023366331,1.58679349817306,0.60153137042334,1.83090793351918,1.34454303238405,0.841700576302108,1.40809863303598,-0.234032680090493,-0.682966095384275,0.102830834239556,-0.612647581038735,-0.34790549000781,-0.485802926756802,-1.33852219583173
"192","Zambia",2003,"ZM","ZMB","Southern Africa","FS",-15.28,28.16,0,0,3,2,0,0,2,0.459510467287667,-0.325111880757851,-0.473076306251918,1.01249690901529,0.418603842952222,-0.523296984640923,0.0350076451927368,-0.350432016101721,-0.517437883132665,0.312715237236097,0.869902621587924,1.2786205592504,-0.38207102753841,-0.486880825760921,1.06439464180593,1.48035129561739,-0.787974847426434,0.255717189631934,0.833999622680273,-0.209574555659382,0.3973021737127,-0.215745343929299,0.0692094949213392,-0.234032680090493,-1.18348617247809,-0.852981748333587,0.233743848818257,-0.444788299673842,-0.387001115301534,0.414028672447559
"193","Zambia",2004,"ZM","ZMB","Southern Africa","FS",-15.28,28.16,0,0,3,2,0,0,2,0.477700421797458,-0.313505093974051,-0.4531768502476,0.764051256281792,-0.059836520769571,-0.62593467323897,0.0475092631111871,-0.350432016101721,-1.16612458985329,0.312715237236097,0.869902621587924,-0.268570719869471,-0.38207102753841,-0.486880825760921,1.06439464180593,1.48035129561739,-0.787974847426434,0.214121054990024,0.811859789131993,-0.209574555659382,0.317027524672754,-0.0814664969157871,0.111490204546012,-0.234032680090493,-1.07129613758806,-0.236935766327867,0.252543622619627,-0.283316950230456,-0.189397492390997,0.490299686235073
"195","Zambia",2006,"ZM","ZMB","Southern Africa","FS",-15.28,28.16,0,0,3,2,0,0,2,0.660018126769157,-0.255990341571538,-0.415291909411186,0.115818821635832,-0.483919427325943,-0.499548663475717,0.163372472033967,-0.270002976415005,-0.720360476302252,0.312715237236097,0.869902621587924,1.06044726818931,-0.38207102753841,-0.486880825760921,1.06439464180593,1.48035129561739,-0.787974847426434,0.477563241055456,1.04432804138893,-0.192570534916227,0.204643016016831,-0.165390776299232,-0.043539064077788,-0.234032680090493,-0.770141505896082,1.05746070994867,0.679973123452629,-0.154139870675746,0.047726855101648,0.8245461878333
"196","Zambia",2007,"ZM","ZMB","Southern Africa","FS",-15.28,28.16,0,0,3,2,0,0,1,0.753685938497737,-0.24455074883542,-0.397335645513017,0.23442971617896,-0.456563059994326,-0.567114619889155,0.0053163026364174,-0.270002976415005,-0.613594296559618,0.312715237236097,0.869902621587924,1.53781514285758,-0.38207102753841,-0.486880825760921,1.06439464180593,1.48035129561739,-0.787974847426434,0.477563241055456,1.02218820784065,-0.0225303274846799,0.236752875632809,0.103166917727792,0.139677344295794,-0.234032680090493,-0.776907682249378,0.188645511334189,1.01065877121998,-0.412494029785165,-0.485802926756802,-1.33852219583173
"200","Zambia",2011,"ZM","ZMB","Southern Africa","FS",-15.28,28.16,0,0,3,2,0,0,2,0.338453183825953,-0.159413779818542,-0.303480440817176,0.0898229051883452,-0.529987076209056,-0.597229606004959,0.33102809804747,-0.031556895643258,-0.103563506305043,0.312715237236097,0.869902621587924,1.03937357046371,-0.38207102753841,-0.486880825760921,1.06439464180593,1.48035129561739,-0.787974847426434,0.533024753911336,1.16609712590446,0.0964978177174028,0.3973021737127,0.271015476494682,0.23833233342003,-0.234032680090493,-0.144248617776179,-0.264584929002392,1.06418407740093,-0.294081706860015,-0.20915785468205,0.445995200284973
"201","Zambia",2012,"ZM","ZMB","Southern Africa","FS",-15.28,28.16,0,0,3,2,0,0,1,0.421039758899143,-0.148783758260673,-0.285046901664865,-0.0610113398259012,-0.169735693426458,-0.489084421774907,0.352012956696298,0.0303425403394541,-0.204229064716426,0.312715237236097,0.869902621587924,1.03937357046371,-0.38207102753841,-0.486880825760921,1.06439464180593,1.48035129561739,-0.787974847426434,0.588486266767217,1.32107596074242,0.334554108121569,0.509686682368623,0.455648891138261,0.224238763545139,-0.234032680090493,-0.597356500835524,0.524839074887599,0.568293155550557,-0.164904627305306,-0.20915785468205,-0.183801479739873
"203","Zambia",2014,"ZM","ZMB","Southern Africa","FS",-15.28,28.16,0,0,3,2,0,0,2,0.140245403650298,-0.132785927803548,-0.238804773725316,0.0381207203874945,0.102643721563672,-0.366068999338442,0.16002382437724,0.0563895816384344,-0.497367786605081,0.312715237236097,0.869902621587924,1.17507436502245,-0.38207102753841,-0.486880825760921,1.06439464180593,1.48035129561739,-0.787974847426434,0.588486266767217,0.878279289776831,0.385566170351033,0.750510629488458,0.371724611754816,0.097396634671121,-0.234032680090493,-0.605235008883312,-0.0395042778483633,-0.238639551471559,0.297979907765735,0.3243719271764,0.154651143942224
"205","Zimbabwe",2002,"ZW","ZWE","Southern Africa","FS",-17.43,31.02,1,0,3,1,0,0,1,-2.63529075861956,-0.286516454803533,-0.483578796920863,-3.03135254505124,-0.454431395007446,0.163003061054494,0.157791392606088,-0.288331444664963,-0.436977927003917,1.36203933555163,-0.723050349579741,0.929785923315236,-0.578016235841297,-1.17261622655593,1.91336077596011,0.0783246680389521,-0.581487010925706,-1.17241676640699,-1.12537564634245,-0.345606721604619,-1.40084996478207,-0.971063858380304,-1.94617099718806,-0.234032680090493,-0.533892396162138,1.898080964907,0.176672715018693,-0.294081706860015,-0.307959666137319,-0.191372499490839
"207","Zimbabwe",2004,"ZW","ZWE","Southern Africa","FS",-17.43,31.02,1,0,3,1,0,0,1,-2.34550596608426,-0.296662493591797,-0.388060434069008,7.68664070580746,-0.454431395007446,0.163003061054494,0.0638060150405955,-0.288331444664963,0.0540070636175456,1.36203933555163,-0.321350684308105,-0.546977167572473,-0.578016235841297,-1.17261622655593,1.91336077596011,0.0783246680389521,-0.585859390674583,-1.36653206140257,-0.7489984760217,-0.430626825320393,-1.67378377151788,-1.13891241714719,-2.03073241643741,-0.234032680090493,-1.07129613758806,0.824429083715466,0.700005452698065,-0.261787436971337,-0.248678579264158,0.00743687100676325
"210","Zimbabwe",2007,"ZW","ZWE","Southern Africa","FS",-17.43,31.02,1,0,3,1,0,0,2,-1.69777632158618,-0.307186918909026,-0.535217057325606,-5.80357445389686,-2.12091971141662,0.0536902877504574,0.0901487099401872,-0.480063816234484,-0.451895249209216,1.36203933555163,-0.38489013448664,0.671266357333943,-0.578016235841297,-1.17261622655593,1.91336077596011,0.0783246680389521,-0.308538526522616,-1.39426281783051,-0.582949724409605,-0.974755489101343,-1.70589363113386,-1.22283669653064,-2.21394882481099,-0.234032680090493,-0.776907682249378,1.97017946536191,-0.172270210042149,-0.272552193600896,-0.169637130099943,0.530958866379153
"212","Zimbabwe",2009,"ZW","ZWE","Southern Africa","FS",-17.43,31.02,1,0,3,1,0,0,2,0.582867630055216,-0.296468900483955,-0.451145995339671,-0.0870072562733878,-1.15515704652771,0.454239430074923,-0.683388898763924,-0.480063816234484,-0.0480419475889994,1.36203933555163,0.276685879479014,1.43594601584001,-0.578016235841297,-1.17261622655593,1.91336077596011,0.0783246680389521,0.0326458498179301,-1.3526666831886,-0.638299308280303,-1.39985600768021,-1.8022232099818,-1.15569727302388,-2.12938740556164,-0.234032680090493,-0.396682109109148,1.99963275989701,-0.538854107496418,0.308744664395294,0.601016999251152,0.638635591726232
"213","Zimbabwe",2010,"ZW","ZWE","Southern Africa","FS",-17.43,31.02,1,0,3,1,0,0,1,1.38594366766565,-0.285134903988479,-0.447106201224257,-0.316625782888931,-0.142734603592654,0.341842459216963,-0.162785809731316,-0.519913778067384,-0.534188395064845,1.36203933555163,0.338110980923484,0.950469143752198,-0.578016235841297,-1.17261622655593,1.91336077596011,0.0783246680389521,-0.115158434474309,-1.26947441390478,-0.594019641183745,-1.3658479661939,-1.75405842055783,-1.13891241714719,-2.05891955618719,-0.234032680090493,-0.710545808800302,0.221148159907659,0.927491405354311,-0.0141980344914783,-0.0313145940625668,0.00519360589536585
"217","Zimbabwe",2014,"ZW","ZWE","Southern Africa","FS",-17.43,31.02,1,0,3,1,0,0,1,-0.329975374424647,-0.247938628222655,-0.435023345045423,-0.552616567575166,0.623362107525238,0.139805489452489,-0.505910572957353,-0.476242242607607,0.885433626868094,1.36203933555163,-0.644290851230474,-0.107786332169784,-0.578016235841297,-1.17261622655593,1.91336077596011,0.0783246680389521,-0.0703030891688907,-0.992166849625375,-0.0737335527991803,-0.821719302412951,-1.12791615804626,-1.27319126416071,-1.83342243818893,-0.234032680090493,-0.605235008883312,1.45157436935758,0.0582383691756861,0.319509421024854,-0.110356043226782,-0.664140621717861
"218","Zimbabwe",2015,"ZW","ZWE","Southern Africa","FS",-17.43,31.02,1,0,3,1,0,0,1,-0.402107952653129,-0.245351520326948,-0.436581794854866,-0.61300819519969,0.629757102485875,0.16672612810173,-0.500775979883704,0.252127286791492,-0.383037122328785,1.36203933555163,0.178927649631806,0.750813049743738,-0.578016235841297,-1.17261622655593,1.91336077596011,0.0783246680389521,0.00871476242345687,0.0102035925276519,-0.320656172245639,-0.861462185070661,-0.838404620507291,-0.362247729334401,-0.750761574140797,-0.234032680090493,-0.499233657596989,0.73266032178802,-0.374345767614265,0.373333204172649,0.146528666556917,-0.270167186528676
"219","Benin",2002,"BJ","BEN","Western Africa","FW",6.23,2.42,0,0,0,1,0,0,1,-0.0638166147583931,-0.34345922756924,-0.384938664294468,-0.361738473548496,-0.124378599538971,-0.0423384060891833,0.127653563695538,-0.500931619591775,0.362243688230395,-1.12635781188235,0.745064994105407,-0.520345453222107,-0.467273221379048,0.229331703958315,-0.683900024291248,0.365665814327113,-0.639577667903402,0.782601561762798,1.46498487880623,-0.0395343482278347,0.606016261216557,-0.266099911559366,0.210145193670248,-0.234032680090493,0.716441457302069,-0.4771458008695,-0.73955581347135,-0.509376839451196,-0.485802926756802,-1.33852219583173
"225","Benin",2011,"BJ","BEN","Western Africa","FW",6.23,2.42,0,0,0,1,0,0,2,-0.29735890426916,-0.303975033256193,-0.327181053309836,-0.339001098159887,-0.263410527016542,-0.34840095335097,0.0463930472256112,-0.470132753190954,-0.701964325750482,-1.12635781188235,0.745064994105407,-0.827619390478104,-0.467273221379048,0.229331703958315,-0.683900024291248,0.365665814327113,-0.21002349189175,0.97671685675838,0.966838623969949,0.300546066635259,0.0119838583209632,-0.014327073409031,0.365174462294048,-0.234032680090493,1.25174010463393,-0.33058170243354,0.30798426032338,-0.390964516526046,-0.307959666137319,0.602743349943873
"228","Benin",2014,"BJ","BEN","Western Africa","FW",6.23,2.42,0,0,0,1,0,0,2,0.152162960053265,-0.291681870908226,-0.309977228460289,-0.609242769976098,-0.247659891280156,-0.370276726001294,0.00888819347026035,-0.438177357929367,-0.724004218262504,-1.12635781188235,0.745064994105407,-0.303599358679534,-0.467273221379048,0.229331703958315,-0.683900024291248,0.365665814327113,-0.436390473757469,1.10150526068411,0.701160621390597,0.334554108121569,0.268862735248787,-0.249315055682677,0.111490204546012,-0.234032680090493,1.73748976565085,-0.870207980497022,-0.989534928298338,-0.100316087527951,0.245330478012185,1.25525308922162
"231","Burkina Faso",2004,"BF","BFA","Western Africa","FW",12.15,-1.3,0,0,0,1,0,0,1,-0.0562897370302037,-0.325631062274336,-0.381298222942724,-0.566085203951859,-0.116917772084894,-0.0405099175393576,0.0550995311331034,-0.621537466224216,-0.452621682961414,-1.81091686649772,-0.666142968740432,-0.0932858166795509,-0.148880855571775,1.44841686092722,0.0715359425408645,0.00401230261960007,-0.388745127047745,0.158659542134144,0.524041953004362,0.283542045892105,0.252807805440798,0.80813086454873,0.351080892419157,-0.234032680090493,-0.72077013881906,0.56590940279331,0.379930220794035,-0.498612082821637,-0.485802926756802,-1.33852219583173
"242","Cote d'Ivoire",2007,"CI","CIV","Western Africa","FW",6.49,-5.17,0,1,0,0,0,0,2,-0.623523605824035,-0.188971927511327,-0.286074504507966,-0.399827197925594,-0.488538034797515,0.579876420432223,0.142610856562255,-0.214766152347572,-0.908929888071443,-0.436801975846425,-0.752986535684792,-0.626219123794851,-0.203582846145828,-0.0144853274354676,-0.216249187680893,-0.46663267836963,-0.787974847426434,-0.992166849625375,-1.4464032327925,-0.872731364642415,-1.24030066670218,-0.736075876106658,-0.353597601325388,-0.234032680090493,1.50450180302861,-0.518901689163852,-0.580922901805748,-0.444788299673842,-0.327720028428373,1.46555919341513
"252","Ghana",2007,"GH","GHA","Western Africa","FW",5.35,-0.06,0,0,0,1,0,0,2,-0.0529444580398973,-0.150385301243729,-0.433715708252188,0.239788205920224,-0.105548892154871,-0.367214558429899,-0.3081171180333,-0.233647743096158,-1.2940639089944,0.117840761834641,0.468251124470262,-0.24796721218078,-0.412521636978545,-0.684982163768369,-1.54725541495652,-0.783698770825531,0.113101684798856,1.42040895960542,0.57939153687506,1.32078731122454,1.13582894488019,1.14382798208251,0.745700848916103,-0.234032680090493,1.50450180302861,-0.494657967354162,-0.682586510961485,-0.46631781293296,-0.406761477592587,0.530958866379153
"254","Ghana",2009,"GH","GHA","Western Africa","FW",5.35,-0.06,0,0,0,1,0,0,2,0.216977740490452,-0.139649683445218,-0.385958961904088,0.414301182628978,-0.0388751483985915,-0.252196019651105,-0.138229060248646,-0.233647743096158,-0.215539126150644,0.117840761834641,0.468251124470262,0.111515341610649,-0.412521636978545,-0.684982163768369,-1.54725541495652,-0.783698770825531,0.417127709944389,1.46200509424733,0.690090704616457,1.11673906230668,1.02344443622427,1.11025827032913,0.957104397039466,-0.234032680090493,1.24936062829031,-0.478240238414309,-0.293393890276045,-0.520141596080755,-0.466042564465749,1.46555919341513
"263","Guinea",2013,"GN","GIN","Western Africa","FW",9.29,-13.49,0,0,0,2,0,1,2,-0.510620439901193,-0.31342589679357,2.10821576913929,0.323641329168663,0.151079887098873,-0.181083236050655,-0.12461122644462,-0.598155469691348,0.422134409843286,-1.19631275177005,0.0774550732206449,-1.22768931067992,-0.368035974653136,0.884589975829103,0.683079344262098,-0.174337374386845,-0.237393224947766,-0.687128528918033,-0.704718808925141,-0.906739406128724,-1.12791615804626,-0.70250616435328,-0.593188289198533,0.279620295899787,0.388683167102672,-0.527961451593778,-0.889805569046892,-0.477082569562519,-0.406761477592587,0.90474291556576
"272","Mali",2005,"ML","MLI","Western Africa","FW",12.34,-7.55,0,0,0,0,0,0,1,0.290155718403404,-0.319884866846117,-0.306407404365535,-0.0726696756143284,0.100512056576792,0.118965125980982,0.0758611466048155,-0.512773469448744,-0.685186732681918,-1.69099411240451,-0.6824261375425,-1.53885480417023,-0.192374641368189,0.976021362601771,-0.151497533380997,0.306215921991632,-0.274321131275407,1.12923601711205,0.856139456228552,0.0114777140016295,0.927114857376337,0.388509467631505,0.111490204546012,-0.234032680090493,-0.820367516038164,0.00592100253013728,-1.1962201838618,-0.509376839451196,-0.485802926756802,-1.33852219583173
"273","Mali",2006,"ML","MLI","Western Africa","FW",12.34,-7.55,0,0,0,0,0,0,1,0.105538134125869,-0.31432346483902,-0.302192284646558,-0.427126530796631,0.129644811397476,-0.601767782405731,0.124751402393041,-0.512773469448744,-0.986487022277419,-1.69099411240451,-0.6824261375425,-1.8118792505096,-0.192374641368189,0.976021362601771,-0.151497533380997,0.306215921991632,-0.242907690097176,1.15696677353999,1.05539795816307,0.028481734744784,0.702345840064491,0.371724611754816,0.210145193670248,-0.234032680090493,-1.63305906348084,0.512945629873837,0.523438053121436,-0.498612082821637,-0.485802926756802,-1.33852219583173
"281","Niger",2002,"NE","NER","Western Africa","FW",13.27,2.06,0,0,0,2,0,0,2,0.123519008698766,-0.349997394802267,-0.323060901626123,-0.343490643618784,-0.527855411222177,1.46382946936904,0.136806533957261,-0.693493674909237,-0.320288249431843,-1.76094905229221,-0.709564752212612,-1.72065083541307,-0.0232596931746062,2.16462939064646,0.229817764162831,-0.179291532081468,-0.646936861357972,0.394370971771635,0.369063118166407,-0.328602700861465,-0.10040065033496,-0.736075876106658,1.8309057292827,-0.234032680090493,0.165834810732215,-0.516244496272393,-0.878777103770638,-0.520141596080755,-0.466042564465749,1.46555919341513
"283","Niger",2004,"NE","NER","Western Africa","FW",13.27,2.06,0,0,0,2,0,0,2,-1.16504064237989,-0.342720053884752,-0.326694037744386,-0.507648700962662,-0.366914704712791,0.614727852791551,0.122072484267659,-0.693493674909237,0.182841843151495,-1.76094905229221,-0.709564752212612,-1.41005006283525,-0.0232596931746062,2.16462939064646,0.229817764162831,-0.179291532081468,-0.353927009789275,0.533024753911336,0.0701753652646354,0.0114777140016295,-0.0201260012950149,-0.3668090468195,1.64768932090912,-0.234032680090493,-0.72077013881906,-1.53587286097577,-0.80366044420236,-0.509376839451196,-0.446282202174695,1.46555919341513
"287","Niger",2012,"NE","NER","Western Africa","FW",13.27,2.06,0,0,0,2,0,0,2,1.48462939787969,-0.309378040902329,-0.259899852942815,-0.503448803597887,-0.043493755870163,-0.446610615460884,-0.0545128688304518,-0.662569098849637,0.103360141540576,-1.76094905229221,-0.709564752212612,-1.6722114442375,-0.0232596931746062,2.16462939064646,0.229817764162831,-0.179291532081468,-0.227213506973888,0.311178702487815,-0.638299308280303,-0.0225303274846799,0.0440937179369413,0.002457782467658,1.68997003053379,-0.234032680090493,1.54381349040068,-0.0804355058643089,0.79632807473142,-0.487847326192078,-0.406761477592587,1.46555919341513
"288","Niger",2013,"NE","NER","Western Africa","FW",13.27,2.06,0,0,0,2,0,0,1,-0.0343363436563178,-0.302276693719215,-0.252475300647519,-0.371152036607475,0.479119443413073,-0.462207843090723,-0.0830879955011953,-0.662242253736812,0.114545203586285,-1.76094905229221,-0.709564752212612,-1.6722114442375,-0.0232596931746062,2.16462939064646,0.229817764162831,-0.179291532081468,-0.331402771408784,0.297313324273845,-0.815417976666538,-0.0395343482278347,-0.0201260012950149,0.119951773604481,1.64768932090912,-0.234032680090493,0.388683167102672,-0.526645508447531,-0.878777103770638,-0.46631781293296,-0.426521839883641,0.0635184987917006
"291","Nigeria",2002,"NG","NGA","Western Africa","FW",9.05,7.32,0,1,0,1,0,1,1,0.449683710253641,0.349744893492628,-0.478484614106248,0.395763704605144,-0.17222263591115,0.0475879825901957,0.41541401899701,-0.284535012969841,0.260676883570633,-0.181966123398368,-0.97009545304569,-1.17562519869785,3.5979327327054,0.457910170889986,0.021173544752057,0.870989899178707,-0.522707756725819,-0.201840291429079,-1.23607481408385,-0.617671053495095,-1.22424573689419,-1.17248212890057,-0.903246826446133,2.24512913259728,0.250476053656273,-0.50981662013496,-0.484987624053208,-0.46631781293296,-0.485802926756802,-1.33852219583173
"294","Nigeria",2005,"NG","NGA","Western Africa","FW",9.05,7.32,0,1,0,1,0,1,1,0.821636917988336,1.0817116345565,-0.421011907227405,0.755868697622834,-0.486051092312822,-0.620999957152693,8.32849167502181,0.0243084767180687,0.707353492008869,-0.181966123398368,-0.97009545304569,0.0169726632812892,3.5979327327054,0.457910170889986,0.021173544752057,0.870989899178707,7.10777579510144,-0.382090208210691,-1.18072523021315,-0.31159868011831,-1.03158657919832,-0.887139578996859,-0.254942612201152,0.615067137362826,-0.820367516038164,-0.698824555594197,-0.033185193629862,-0.509376839451196,-0.485802926756802,-1.33852219583173
"297","Nigeria",2012,"NG","NGA","Western Africa","FW",9.05,7.32,0,1,0,1,1,1,2,-0.0978966444721397,3.74225291594233,-0.25391930179908,0.347537296933762,-1.14781464490623,-0.82112031843723,4.7173100420066,0.379211985382554,-0.221006657784989,-0.181966123398368,-0.97009545304569,0.37259037012735,3.5979327327054,0.457910170889986,0.021173544752057,0.870989899178707,0.452580793039702,-0.229571047857019,-1.63459181795287,-0.515646929036166,-0.742597842654521,-0.87035472312017,-0.184474762826697,2.1245779239465,1.54381349040068,-0.484959042990306,0.341605224265094,-0.412494029785165,-0.268438941555211,1.46555919341513
"300","Nigeria",2015,"NG","NGA","Western Africa","FW",9.05,7.32,0,1,0,1,1,1,1,0.00120724561568785,4.16738338076336,-0.160020265702348,0.15760055921299,-1.56301561401727,-0.797349967289496,0.951197644073451,-0.0924929551890977,-0.374530654028119,-0.181966123398368,-0.97009545304569,-0.143325333128724,3.5979327327054,0.457910170889986,0.021173544752057,0.870989899178707,1.17404189999086,-0.450652568646784,-0.0208501250825619,-0.397176420365148,-0.174764665037443,0.756326898670608,1.18412417079804,-0.234032680090493,1.28942656369567,-0.158127371327764,-0.590983112552572,-0.509376839451196,-0.485802926756802,-1.33852219583173
"301","Senegal",2003,"SN","SEN","Western Africa","FW",14.34,-17.29,0,1,0,2,1,0,1,0.404731523821399,-0.307776497919272,-0.37661069812526,-0.540596171669086,-0.237356843843573,0.154785877571543,0.0760843897819306,-0.410194387885192,0.327788534429571,-0.761592768182185,0.00689467507835284,0.132585196606056,-0.412670418457894,0.259808832882537,0.0715359425408645,-0.51122009762124,-0.356234514760973,1.14310139532602,0.324783451069848,0.742650605957281,1.02344443622427,0.824915720425419,0.506110161042957,-0.234032680090493,-1.22284912489468,0.249144143636695,-0.304777475746739,-0.520141596080755,-0.485802926756802,-1.33852219583173
